Id,FirstName,LastName,Phone,Email,DateOfBirth
63199bf1-359b-4366-84b7-62f6b6e8c5e1,Gaïa,Tocqueville,132-710-7202,ptocqueville0@yellowbook.com,12/4/1953
5869adc3-b345-40c2-bdc4-1e368b236339,Cécile,Yerby,458-934-1173,gyerby1@clickbank.net,10/6/2001
12cbf4af-14ec-4b7a-bb9c-91d928fa8c6a,Mélinda,Deeny,236-158-5170,edeeny2@bloomberg.com,6/5/1971
865b4691-9f11-413f-b814-0d5cb0789520,Andrée,Vanyakin,278-604-7887,avanyakin3@jugem.jp,4/10/2000
4f3a8643-4d80-4fc8-8c36-78bb366c4781,Estée,Bernier,253-252-0108,rbernier4@yahoo.co.jp,7/9/1935
a454b0ea-646c-47ee-8dcf-a0b01f3e204c,Marylène,Bauer,546-155-1670,hbauer5@bbc.co.uk,2/21/1922
9e965559-e2b3-4408-9228-ead257e8201a,Uò,Hall-Gough,236-579-6345,rhallgough6@theguardian.com,8/25/1933
26ef1693-439d-404a-838f-4c5e733ae9f8,Daphnée,Betham,430-124-4223,nbetham7@wp.com,2/19/1968
f6c0c783-1b01-4eab-9ede-dad30229a6d6,Garçon,Magill,622-116-1041,smagill8@squarespace.com,6/16/1990
704f7ed0-ffb0-4936-b7fb-ca209e393f1a,Gisèle,Hankin,659-693-8909,rhankin9@etsy.com,5/24/1992
fe3c492c-ee08-49b7-906a-4ac23c4cfc93,Stévina,Tebbett,361-137-5824,ntebbetta@trellian.com,9/29/1996
81e80fd7-71e5-4516-a1f7-5f0360829435,Bérénice,Egle,880-828-2169,tegleb@trellian.com,8/12/1926
bcbd5c14-54d9-447f-ab31-320f3efa15b8,Annotée,Carlisso,653-267-6712,bcarlissoc@smh.com.au,9/9/1984
90b3445f-1dca-4fac-9612-5ae6c5ff0e13,Léana,Brooking,291-592-8708,bbrookingd@google.com,10/3/1989
f287374b-9cd8-44ee-973a-04b1b6573264,Hélèna,Galliford,631-504-3269,pgalliforde@paypal.com,11/22/1980
14e3b925-c30d-4073-9130-067df2932ac1,Ráo,Mouan,991-527-5423,nmouanf@cnbc.com,5/29/1997
cd76147b-5873-49b1-9a99-71de0579696a,Joséphine,Kiddell,331-128-3685,gkiddellg@wiley.com,9/21/1936
ecff8539-18e1-4df2-83ea-1520df7a8045,Lèi,Scarsbrooke,714-472-5714,jscarsbrookeh@washingtonpost.com,8/13/2004
88847787-325c-430f-a634-525a903e4b6d,Angèle,Gorghetto,984-268-0021,tgorghettoi@ihg.com,11/22/1957
b480e3ce-7927-4400-88b2-9a80adc76680,Cécilia,Swindle,315-570-0992,jswindlej@sakura.ne.jp,9/17/2000
f1f2b3d6-0ec3-4495-a86b-b1e4241ff593,Régine,Matysik,931-437-9545,smatysikk@exblog.jp,3/15/1948
c290a163-6f17-47ba-91a2-652177d3a5c5,Maëlys,Joslyn,192-482-0760,tjoslynl@sina.com.cn,1/12/1955
8a314547-6034-49e6-a75a-fdd6e492114b,Åsa,Merryweather,718-333-1992,fmerryweatherm@wikimedia.org,5/11/1982
49e0e268-b01f-406a-836b-5effbd2f5481,Faîtes,Wilmott,829-994-9738,awilmottn@ow.ly,6/22/1924
cf80fdbe-7ea3-4d75-a45e-0e7e74bf9c6e,Anaël,Topaz,310-725-5335,etopazo@chicagotribune.com,7/23/1937
72c38932-1a16-4f6d-9b2f-e9bfbda95c82,Yóu,Royce,249-569-7650,jroycep@businesswire.com,5/7/1937
63daebef-8bbf-4a53-a6bf-61dc3d118ace,Maï,Yankin,709-576-5575,gyankinq@twitpic.com,1/10/1988
68dfa52a-7a03-4a26-92c4-506797680bd0,Styrbjörn,Knappitt,731-483-3904,cknappittr@theatlantic.com,7/26/1983
7023dac0-3054-478a-a46a-898983f0b108,Aloïs,Iskowicz,953-170-2544,ciskowiczs@mozilla.org,12/18/1923
78d87fcb-21cf-4c04-8634-c38e72c4cccf,Méghane,Leckie,505-602-4527,kleckiet@godaddy.com,8/31/1941
c21ac567-fdf6-4598-b86f-18f85721c6a8,Örjan,Goulbourn,763-564-6743,ggoulbournu@tripod.com,6/14/1992
0a80209d-6644-443f-8251-4444a49929cc,Athéna,McQuin,200-495-1251,amcquinv@51.la,3/17/1982
de1de77c-05fd-481f-88ed-2433b06bbca1,Régine,Burgoyne,547-664-7666,rburgoynew@soup.io,9/3/1988
98b7afe5-9cf2-4199-b6d7-39ec4ef8fbf7,Naëlle,Finder,370-315-8374,efinderx@edublogs.org,2/14/1963
5b031d27-6e82-45db-9815-5096a1a6ad90,Aurélie,Wigginton,526-480-4551,dwiggintony@yahoo.co.jp,10/31/2003
2b6c838c-a059-4bb6-b774-8fd34a8fcff2,Véronique,Headford,560-865-1794,mheadfordz@nytimes.com,3/20/1955
3efbb53b-2ec1-4100-b116-7b3bb1e74492,Médiamass,Grishelyov,352-198-7041,jgrishelyov10@wsj.com,5/29/1925
864ca120-6317-4710-aed3-f1d23d643636,Yénora,Alywin,149-232-9981,calywin11@alexa.com,8/27/1970
1bbad2ae-44be-4b09-8514-ce79caf66f79,Célestine,Treske,200-963-8517,vtreske12@toplist.cz,8/10/1981
54aa051b-f161-49c2-82e6-c615e673cb77,Cléa,McMinn,160-735-7912,amcminn13@youtu.be,6/8/1957
f1bb679b-234f-496a-9cf5-00656f5506fc,Lyséa,Farlham,213-580-1524,hfarlham14@opera.com,7/4/1988
0bf6bc96-d292-4e4f-81ae-581fca03436e,Léa,Dressell,406-826-8385,idressell15@unblog.fr,5/27/1931
3b42d241-0545-4a6e-b897-70c951462bc2,Séréna,Papes,701-620-5797,hpapes16@ft.com,11/30/1965
057b26da-eb80-42d0-a3db-e17cc4e3fc16,Kuí,Sudron,132-613-9511,tsudron17@joomla.org,9/1/1930
9482f0a2-ec4a-46da-8f57-22b54c7996c6,Méline,Bickardike,564-880-2351,tbickardike18@discuz.net,2/2/1986
58cff64c-fc0e-4e30-be67-d62b71656453,Océanne,Chanson,666-614-5470,schanson19@chronoengine.com,10/8/1990
8c960f94-c602-4f3d-b58d-33eedf063306,Cléa,Mc-Kerley,167-943-8868,umckerley1a@elpais.com,6/23/1972
d7e622bd-b4f9-4205-b5d4-acf345628f5f,Lauréna,O'Sirin,338-477-5360,gosirin1b@naver.com,1/22/1967
6c84af8b-4b7f-4367-a9e8-bd182845f87e,Léonore,Willford,360-134-4790,hwillford1c@mtv.com,9/15/2003
b1577424-ca09-44ba-b10f-d7c4a5a80ccc,Personnalisée,Casey,654-214-1819,hcasey1d@yelp.com,8/17/1955
c86b6a3b-8e89-4f07-8f15-5716aacf5df5,Rachèle,Saye,305-779-6659,asaye1e@washington.edu,5/12/1964
ae625d6d-ddf1-44b6-b378-1f12cf690e7e,Personnalisée,Skeermer,645-865-6966,jskeermer1f@tinypic.com,3/6/1975
e82bd505-6b55-464d-9cc5-8687cb32b7bf,Noëlla,Limpkin,539-922-2093,llimpkin1g@kickstarter.com,1/30/1922
0234f84e-ce96-4fee-83bb-11fbc36c4cb8,Aurélie,Beresfore,263-756-8595,mberesfore1h@google.es,8/8/1979
3e2ff932-142a-48be-bad7-c50415969dfb,Méryl,Colin,895-664-3553,jcolin1i@godaddy.com,1/4/1952
3ef2eefb-b516-41b7-a63b-f332c1a916b1,Eliès,Heavy,128-408-0578,bheavy1j@yelp.com,1/29/1940
ea6929bb-8f7b-44e7-8d6c-735ea7343f56,Eloïse,Fidelli,693-314-3375,ffidelli1k@slashdot.org,9/24/1983
8149bc02-ef89-4c24-8989-4e98be164a2a,Adélie,Bartot,789-721-3410,lbartot1l@thetimes.co.uk,9/16/2001
ac860914-a163-4677-befd-f68a95eff405,Chloé,Berrecloth,308-396-6088,fberrecloth1m@wikispaces.com,9/28/1956
18faf671-694e-4837-baf8-0d3006498f74,Wá,Hardan,373-660-9928,ahardan1n@samsung.com,10/20/1921
9762ea14-4225-43f8-b424-dc4ba19f69cd,Bérangère,Castelow,286-975-2470,ccastelow1o@google.it,8/7/1976
2c8d6cdb-3eb1-45c7-9f58-464032d780bb,Salomé,Richardon,287-776-8605,frichardon1p@utexas.edu,1/7/1967
a789c3c4-86db-4ef1-8efe-356ba9a1bdb6,Desirée,Dawnay,245-644-0688,ddawnay1q@shutterfly.com,6/16/1940
805a3171-b5e4-469c-923c-792a83d81012,Hélène,Tretter,818-493-8500,dtretter1r@t.co,10/6/2003
e59cdea7-9711-4c95-9e27-b25ee4a6e5e0,Erwéi,Pilgrim,453-496-4570,lpilgrim1s@goodreads.com,3/7/2001
14a10a86-e763-45ab-9d0a-466c9714d288,Céline,Gapp,386-671-2242,lgapp1t@phoca.cz,8/13/1992
cf15172f-8553-4960-9063-e70f5d5afe65,Gisèle,McGrouther,165-648-7968,emcgrouther1u@mapquest.com,4/8/1966
e5130edc-d6a4-4a93-a237-79f29fabfa73,Maëline,Akram,726-817-3352,takram1v@lycos.com,10/6/1973
4334b9dd-9601-42d0-a5af-4cf47b793002,Lauréna,Dran,355-830-3609,gdran1w@npr.org,3/26/1966
0349ba7d-9886-48c9-bb54-0ba225acc817,Kévina,McNeilly,858-377-2244,amcneilly1x@reference.com,10/16/1989
daef5c5e-0904-417d-971c-5e0b56d514c2,Yú,Couvert,271-364-1501,mcouvert1y@photobucket.com,7/7/1928
39a4d975-2234-4cc2-a00b-dd9cc269263f,Cinéma,Guiett,618-240-2191,wguiett1z@technorati.com,10/24/1977
a066e4f5-fdb6-4255-bcc5-459c3c66149c,Océanne,Furnell,975-889-9194,lfurnell20@zimbio.com,9/9/1959
1a935683-a4d2-468d-8813-9161481afa75,Méryl,Selbach,260-414-1522,aselbach21@si.edu,3/1/1963
0a9c6402-c681-4496-8d5c-e191b3baa179,Östen,Croster,558-907-9830,jcroster22@bbc.co.uk,1/24/1929
ebe6d0a8-9b53-4ed3-8f08-eda56ce40796,Ráo,Caudelier,500-626-8130,pcaudelier23@narod.ru,4/27/1956
86fb278e-2e13-404c-881c-05fb3c2ade95,Sòng,Bennetto,839-428-3435,wbennetto24@lulu.com,4/14/1966
453e8715-48c1-4a97-b67f-7aa9f73ba479,André,Fish,864-301-5302,tfish25@i2i.jp,8/3/1989
5f2ddd7c-2c9c-4edb-b0b8-160d3ce4438c,Kù,Dumbrill,534-344-8707,rdumbrill26@phoca.cz,8/2/1925
79d44fce-6db8-4c79-ac40-4d399556c1bf,Lài,Bhatia,304-279-1328,hbhatia27@netvibes.com,12/3/1936
90d7e293-3157-4b0c-9f7e-190ed62019ec,Régine,Barnham,780-923-2737,mbarnham28@bloglovin.com,8/3/1927
893ff192-a11f-4085-81da-6fdfd3edece9,Léane,Dreinan,433-472-1647,rdreinan29@indiegogo.com,5/3/1972
8ad77704-d1fd-4245-a967-6381af14fd49,Mén,Fouldes,631-660-3212,efouldes2a@last.fm,5/28/1927
b8f1eff9-d6c0-4bbf-98dc-da4fa9580463,Maëly,Weinberg,610-632-4967,rweinberg2b@xrea.com,10/23/1970
c618e80b-ebd7-4412-9ad5-402a56755aaa,Amélie,Feare,777-323-2456,rfeare2c@barnesandnoble.com,7/29/1958
3d430613-513b-4a14-be16-2d644ef23d13,Daphnée,Rosenstock,522-216-3571,prosenstock2d@themeforest.net,11/12/1961
492aadac-0894-4180-ad28-f0d38d518b7d,Marie-josée,Sheahan,280-578-3433,jsheahan2e@exblog.jp,11/20/1947
09c5831e-c4fa-448f-9e1c-c57a83d91636,Sòng,Whaley,714-968-3564,awhaley2f@ucsd.edu,4/7/1992
1fd0e030-40cb-4cdc-a5b8-d2507c236095,Mahélie,McAughtry,877-884-3235,emcaughtry2g@google.it,5/14/1991
4662a09b-2de8-489b-979b-fd8fdb588e69,Aurélie,Burtwistle,653-391-8708,tburtwistle2h@sourceforge.net,6/11/1921
17d1ca68-ab4e-4128-9b94-111fa0403bea,Eloïse,Dast,143-506-7519,hdast2i@va.gov,4/19/1925
8d3ac095-49de-4965-84b9-f6eb70b89d2e,Mélia,Donavan,308-450-4170,gdonavan2j@cdc.gov,3/20/1999
0c1091b9-44d0-4768-b2b3-6565bb8b65d6,Maïly,Van der Spohr,670-148-6944,tvanderspohr2k@topsy.com,12/3/1946
0c51a7c2-d88e-4a06-af3a-c5d0849585d1,Gösta,Penrose,893-584-6536,spenrose2l@sina.com.cn,7/8/1977
a1c35d4d-42f5-4103-8cf6-c7245b3af5c1,Réjane,Eagell,846-145-2099,seagell2m@cnet.com,1/5/1957
d83cef5e-685f-413d-bc93-13402b3d3ae3,Eugénie,Scurrell,181-401-1090,tscurrell2n@sciencedaily.com,11/9/1996
95c20a70-fae7-4021-8724-84f9380ec9b5,Pénélope,Redfern,687-605-1780,mredfern2o@tuttocitta.it,2/3/1990
81a1787a-180b-4eca-8d85-fd9693553cd6,Estève,Burberry,129-712-2553,gburberry2p@tiny.cc,11/25/1991
b7b0efe8-a6db-47c3-9e2e-b1aa9745a4d4,Mélia,Noriega,487-299-3513,anoriega2q@myspace.com,4/26/1992
33275a76-2c8e-45cb-875f-870cbb262eed,Mélia,Cameli,536-131-9839,mcameli2r@thetimes.co.uk,3/12/1996
35bc2973-e274-40ec-9913-e5a0d1a49b19,Daphnée,Sanday,582-244-3185,wsanday2s@indiatimes.com,2/3/1958
9a3527ee-75e9-41a8-8048-11d4a673e2a5,Marie-françoise,Cops,234-300-2629,bcops2t@last.fm,11/3/1987
b95d7be6-cabb-44f4-bffd-ef9fe8aa24e5,Léonore,Gainor,439-647-2827,cgainor2u@hatena.ne.jp,2/15/1944
f17653cf-e2bb-4d51-9eaa-94bd8f661c28,Méryl,Lambin,120-158-4321,alambin2v@berkeley.edu,10/4/1982
6d3fae50-f327-4fbd-976f-5cba4704dd73,André,Winchurst,298-150-7430,twinchurst2w@usda.gov,8/6/1952
8d69ef46-5121-44bb-b2d3-e0e9ec1ef93e,Geneviève,Conboy,586-761-5927,aconboy2x@elegantthemes.com,4/23/1956
91197ec7-40f5-48ed-8804-11f867e8e895,Léane,Wasielewski,210-192-5703,dwasielewski2y@storify.com,8/14/1994
4e2f1686-3c7b-4536-8dee-2b25b4ae7be0,Clémence,Wilhelmy,867-560-3215,jwilhelmy2z@un.org,12/12/1953
49c78bcf-ce9f-4b5e-846e-6e24a45e7c67,Maëlann,Wellstood,317-125-7909,cwellstood30@diigo.com,6/14/1991
589ced58-93e5-4465-bed1-0dacd43dd0c7,Léa,Findlay,846-479-7692,rfindlay31@hibu.com,5/23/1972
bfb70d51-e146-4e31-98f6-8ea1f963fcc6,Laurène,Hayesman,240-310-5670,hhayesman32@ow.ly,3/24/1940
833403c5-e21f-4e05-b133-430940816eae,Gaétane,Beslier,965-546-6801,nbeslier33@taobao.com,5/14/1975
6ba89858-74ea-44a5-9c3f-08c8b4fe85c9,Naëlle,Nobbs,956-154-3160,snobbs34@independent.co.uk,2/5/1996
a5e20336-9852-48dc-8405-5772eb9185bb,Eléa,Feldon,989-268-5709,kfeldon35@hud.gov,12/7/1962
df1ac95f-a3ed-43ae-add6-5d3c815b7cd5,Eléonore,McPhail,800-275-8826,amcphail36@prweb.com,8/3/1957
a1189758-9dec-41d0-ae4b-8ce9ca747836,Yáo,Grennan,752-844-3703,rgrennan37@mayoclinic.com,7/19/1993
cb195b7c-ff70-48af-b8cf-f4691d576c2a,Maëlann,Anyene,146-522-2863,kanyene38@amazon.co.uk,8/21/1996
02181344-8f94-4dc6-99e0-3c4c37958b0e,Lorène,Dhillon,498-534-6790,cdhillon39@moonfruit.com,4/12/1930
2f857781-34ff-45a9-9d3d-d85ebdf60361,Adélie,Axelbee,509-307-2121,laxelbee3a@blogtalkradio.com,11/1/1936
d282fb9b-5344-4c24-908d-527e605b393b,Aí,Camelia,577-728-8659,rcamelia3b@mozilla.com,10/8/1943
05b3ef3c-2ce6-4bb0-9aa2-e1c09329ae2f,Gisèle,Maleck,223-886-6856,rmaleck3c@cpanel.net,7/5/1959
4cbdbf5d-d722-48b9-b10b-833474597428,Yú,Woodnutt,699-806-3875,dwoodnutt3d@usda.gov,8/24/1947
9eb00d0c-0bd0-4f0e-ac33-ae80f77b0ef5,Pò,Hukins,336-357-5651,shukins3e@aol.com,8/17/1934
62b5daad-f774-4633-8370-154ebdbf9fc1,Réservés,Grissett,683-944-8110,jgrissett3f@dion.ne.jp,6/21/1940
0da1adb6-c9d8-46e0-909c-562ef5130a39,Yóu,Bailey,806-765-8556,ebailey3g@uol.com.br,11/6/1948
0791a4a3-6d5c-42d6-9f51-874c2359e8bf,Mélia,Scoates,925-477-3202,cscoates3h@si.edu,5/25/1945
6fe12511-0553-4895-a785-de3dd469dcfa,Méng,Sawyers,892-361-9542,hsawyers3i@cbsnews.com,12/15/1987
4772f9f1-d9ec-49a8-9df4-044dda0ca1d2,Wá,Nazareth,462-324-0830,cnazareth3j@cam.ac.uk,4/25/2005
be781111-758c-45f4-8588-9f7d33ca985d,Andrée,Cuningham,497-246-1082,ycuningham3k@live.com,11/15/1931
76afe8b4-466c-47d0-9a46-2d319c91fbf7,Björn,MacElane,229-993-0791,nmacelane3l@nih.gov,8/22/1940
b4fe9c71-9484-490b-8979-121a613390b1,Måns,McGrory,530-515-3653,emcgrory3m@mlb.com,3/2/1952
21bfc0bb-445f-47fc-9f2a-196fcc701867,Béatrice,Curnick,377-933-0652,acurnick3n@youku.com,8/26/2003
6039b4e1-6789-46f4-ae89-1b062df102ff,Maëlle,Jammet,114-965-7903,sjammet3o@nba.com,1/20/1924
ceacfc56-cac5-4fc4-b87f-38fbcf938b7f,Táng,Sexti,991-308-3237,jsexti3p@sciencedaily.com,8/8/1954
8d84009c-3b17-4a01-aa53-49426c3eca15,Kuí,Vears,478-408-4392,cvears3q@t-online.de,2/13/1973
cabd9496-43ad-4873-bbf4-249acd66744d,Naéva,Bingle,610-580-4643,hbingle3r@usgs.gov,3/2/1992
4ba7031c-6473-4d7b-b095-f887c985cdb6,Marie-françoise,Cerman,773-386-4079,mcerman3s@cargocollective.com,9/24/1960
f20b2b83-00fe-4149-bbf8-2483db473de2,Océane,Grief,624-609-7879,kgrief3t@paypal.com,12/25/1952
8918d91f-b62c-4b20-ac93-ea5efab638e1,Cloé,Tame,437-770-7691,btame3u@utexas.edu,12/3/1961
d9da31a0-3196-4967-a140-c36ebca24da0,Kù,Hasson,250-208-9467,ghasson3v@icq.com,5/8/1924
ca90fd32-a3ef-4980-a3a4-7e220f6c3974,Lyséa,Puig,515-671-3581,epuig3w@walmart.com,6/14/1926
8535ea46-d67a-4c23-bdc3-9830ee0d99c1,Stévina,Igonet,122-813-2154,rigonet3x@hibu.com,8/5/1974
efca03bf-b146-465d-9f0c-5ffb9553a5fa,Béatrice,Gilliatt,780-192-7960,dgilliatt3y@cloudflare.com,8/13/1980
e6ed3681-b646-49e0-8723-995b672df847,Tú,Frake,408-393-4463,tfrake3z@printfriendly.com,10/3/1930
2d7c3ea0-9a96-4874-a33e-1f648062d672,Audréanne,Petzolt,830-512-5593,apetzolt40@linkedin.com,2/14/2003
689b0148-35d5-401d-a4e7-3a46aa59768e,Annotés,Glavin,683-475-8200,mglavin41@vistaprint.com,3/7/1975
3438304a-df75-42fb-a840-40578a0a9a3d,Angèle,Seydlitz,837-577-4541,wseydlitz42@mayoclinic.com,10/8/2005
d67367f0-300f-4e7c-9c8d-774e84b6a974,Gisèle,Peskin,711-112-7037,kpeskin43@ftc.gov,11/4/2002
96122220-ee76-4932-a884-6599068a49ba,Audréanne,Dudill,350-717-4971,gdudill44@skyrock.com,1/24/1965
ee1e713e-23f9-4a2a-8977-f139bf63d387,Mårten,Ganter,705-805-3273,oganter45@spotify.com,1/1/1955
0a0c16d6-e267-4a0e-8a05-0d5e294b6abd,Mélodie,Edmed,548-464-5211,iedmed46@macromedia.com,7/29/1980
fc395e0f-ca43-49a1-8c4a-c9b5bb0c24f3,Méryl,Hume,781-144-7639,chume47@fastcompany.com,6/1/1969
5a92e583-f8f0-46e2-b00b-7b26204d05fb,Görel,Passby,483-221-6495,wpassby48@youtu.be,11/15/1950
3ced6d54-c967-47ee-bffb-f268159eff07,Cloé,Cowp,266-754-3417,mcowp49@ycombinator.com,9/22/1950
85f8c398-eb48-40ee-9506-d34f69b7cba3,Maëlla,MattiCCI,440-339-7425,cmatticci4a@theglobeandmail.com,7/4/1947
88fbd9dc-b537-4c92-b75d-c686152d8755,Pål,MacCahee,660-891-9267,lmaccahee4b@liveinternet.ru,5/23/1978
7e84174f-b220-4764-aca1-03558ef9a116,Thérèse,Baynom,816-801-9364,sbaynom4c@amazon.com,11/15/1936
19f024c1-af7a-406e-ad23-36abdeec0185,Maïwenn,Stotherfield,597-645-6009,hstotherfield4d@springer.com,1/6/2001
22986820-6010-420a-81a2-468319b18da2,Ruò,Abberley,677-833-3716,yabberley4e@yelp.com,6/22/1978
c0d33cc5-c80b-4c53-bec2-a8de91edbbda,Lucrèce,Shorey,670-345-9239,eshorey4f@eepurl.com,6/4/2005
35c3a13b-9f59-40a6-ab4e-949eaa867139,Laurène,Seccombe,516-596-4961,rseccombe4g@goo.ne.jp,3/6/1924
c303bca8-9111-4b7d-859f-ff8aa0fe83de,Frédérique,Dykins,704-863-9466,edykins4h@usa.gov,6/20/1982
710a2c06-05b7-4bfc-aa9a-b305babf1c9f,Léane,FitzGeorge,913-772-8165,dfitzgeorge4i@mapquest.com,8/7/1939
970ad3a5-cdaf-4c82-851d-97194cb59976,Maïté,Nafziger,208-235-0263,gnafziger4j@geocities.com,12/2/1954
0ba41ef6-c21b-4fca-8725-957cb709243e,Garçon,Tupp,603-183-2140,stupp4k@boston.com,2/17/1989
23057ae4-7f00-448a-98e5-5e09d9b09358,Aloïs,Sharper,955-699-5715,tsharper4l@usa.gov,8/25/1942
facf105e-9174-4b5d-8c56-7886c1777fd9,Lorène,Mithan,541-111-6945,emithan4m@bluehost.com,6/6/1956
bad517cc-d2d2-4c3d-94fb-e3926010dd8e,Maëlann,Creebo,945-358-9729,ccreebo4n@biglobe.ne.jp,6/4/1927
af8b0adc-ce16-432b-b893-b9297f60848b,Laïla,Ciraldo,981-606-4633,cciraldo4o@google.ru,1/29/1964
da95581e-37d0-4908-88b6-c3bc7ed679e1,Gérald,Laban,418-180-1931,alaban4p@yellowbook.com,8/26/1985
29729e11-b25f-4324-9000-706387ff134c,Audréanne,Ferroni,444-722-0998,oferroni4q@list-manage.com,11/19/2002
b02962cc-1f36-40ad-a3c4-4b69634faf24,Mén,Menaul,213-781-6088,omenaul4r@nhs.uk,11/2/1990
bc9ccbf1-46b0-40fc-a3eb-39fe1facd8fa,Léonore,Colyer,175-312-9248,ccolyer4s@mayoclinic.com,3/7/1930
72e150ed-cd6e-41e5-a7b5-7a572a95bad5,Yáo,Batkin,552-845-8449,wbatkin4t@webmd.com,9/28/1997
a30d25c4-73da-4492-b879-9e722845c5fc,Léane,Gregoire,926-125-2405,igregoire4u@arstechnica.com,10/19/1983
fcc4e0b2-cc0a-423e-98b1-ce114031a9f7,Dafnée,Sicha,962-925-0639,ssicha4v@github.io,6/11/1999
3e3e7f50-1b1e-4d4d-8ca8-f7fc569a349f,Zhì,Scoular,619-447-0554,kscoular4w@mashable.com,2/27/1963
1e5d0601-0daa-4a7b-928d-da4a52131329,Marie-josée,Stark,608-130-4141,jstark4x@w3.org,6/20/1992
9750d4c1-9be3-4df7-9d8e-3ef2542fb5b3,Mahélie,Flieger,748-411-1427,nflieger4y@hubpages.com,9/12/1968
1e108e39-ce4f-4f87-9d3d-c6cb9d865805,Maëlyss,Peppard,507-836-2532,bpeppard4z@last.fm,9/20/1996
15461d07-0823-4906-a3c7-9bd472e4d05e,Géraldine,Challis,430-100-5786,gchallis50@nih.gov,11/10/1968
84a7180c-9918-494c-a500-ab0ceb801165,Åke,Streetfield,881-599-2352,fstreetfield51@i2i.jp,5/17/1924
cc335afe-9605-4f42-a0ff-08d35df6184a,Cinéma,Staner,485-496-4135,rstaner52@imgur.com,7/7/1993
6a677f3f-0c90-4847-80d8-11484dd56471,Anaïs,Getcliffe,164-515-1542,agetcliffe53@europa.eu,12/14/1940
421d9536-3a69-431b-9234-3873a2f96f8b,Östen,Nazair,624-453-9572,enazair54@yellowpages.com,2/3/1923
d5d0a7fb-1d14-4f72-a792-084eed81523f,Marie-noël,Gyles,589-347-1872,mgyles55@forbes.com,2/18/1995
59101e48-eff6-4edb-ba22-f666c8f61028,Sélène,Ridgway,805-382-9560,aridgway56@goo.ne.jp,7/24/1960
51260a1d-33eb-4205-928f-7cdbce370f48,Simplifiés,Blucher,808-589-8182,nblucher57@mozilla.org,1/5/1940
0958161a-e18c-4cde-a729-b888502126f6,Crééz,Cowthart,115-100-4597,jcowthart58@cnbc.com,9/8/1959
c14f26f9-9633-43ae-b8c1-e86550114ed9,Görel,Beszant,320-543-5830,sbeszant59@ebay.com,6/4/1957
df8ac899-aa8a-447c-9b9c-6dd4adc4b3e3,Maëlys,Budgett,850-614-2357,bbudgett5a@pcworld.com,8/5/1987
a66eb1b3-3635-424a-bc78-72a073c84592,Åsa,Abels,103-609-6921,dabels5b@diigo.com,12/25/1966
c7fbb037-595d-45db-8ec1-e001359b02e7,Loïc,Sharman,285-210-2925,dsharman5c@qq.com,5/20/1963
f8b2112a-9df2-4789-bb3b-bb913aed2846,Félicie,Dayton,718-768-2831,adayton5d@salon.com,7/16/1951
23a19076-7a58-4f06-8641-592ac3926384,Méline,Nutbeam,744-852-6758,cnutbeam5e@ft.com,9/30/1969
901e4618-26ce-4322-a49c-e8a71ecdae74,Mélina,O'Crigane,146-576-4334,nocrigane5f@elpais.com,5/21/1955
9ab98bae-ae6a-47eb-906d-a60ec470c7f3,Crééz,Chinge,893-198-2230,wchinge5g@statcounter.com,2/25/1957
fbb123f9-b2c5-4d41-b790-56bd8e31554b,Clélia,Abson,331-566-2554,aabson5h@tinypic.com,6/18/1982
2a44bf7c-871c-4db8-855d-462078652669,Simplifiés,McAulay,168-121-7752,vmcaulay5i@paginegialle.it,6/27/1942
120130ac-af56-4026-99b3-f7610ceeadbf,Laurène,Baldrey,863-921-7041,gbaldrey5j@umich.edu,3/12/1935
131b62d8-086f-46ea-bc4c-dbbcb1646f98,André,Sutherley,964-467-0347,csutherley5k@unicef.org,10/14/1929
ea93dbd8-3e61-4668-b68e-fc4a1adf206f,Aimée,Livock,365-433-4852,alivock5l@dell.com,6/22/2005
b360f47c-7e9b-40ea-91cb-89b2cc9a9242,Mahélie,Reggiani,379-399-8176,kreggiani5m@weather.com,5/31/1974
bebe887e-035e-4fe5-b337-1da59950d94f,Mélissandre,Grovier,810-371-2251,ogrovier5n@freewebs.com,12/29/1986
cadb9cae-af13-4c18-a897-4e095f4c9df3,Cécilia,O'Dare,674-545-3254,jodare5o@house.gov,1/11/1957
b4c4acd2-b430-4961-9db9-ce98fbe115ec,Judicaël,Cordeix,288-603-0347,lcordeix5p@nih.gov,12/13/1955
3fd49f31-c855-4ea5-9030-45a8fbf8051c,Cunégonde,Passion,619-813-3634,gpassion5q@youku.com,1/5/1975
2fac4516-35d9-46ba-8698-721e5b8102d0,Marie-thérèse,Clappson,287-503-2128,bclappson5r@multiply.com,11/14/1963
80894bb8-12af-46ff-880b-5f0c88ce8fb7,Marie-françoise,Vaneschi,525-309-2158,bvaneschi5s@homestead.com,9/11/1936
40a3b3ad-7cee-41e6-98d7-76f4f9ad3839,Ruò,Boughtwood,219-225-6169,bboughtwood5t@marketwatch.com,10/13/1987
d9fa23ce-afed-49db-bbae-c1f396b975b6,Pål,Bahia,942-481-4046,ebahia5u@studiopress.com,1/12/1938
cd89168c-c96e-499a-a70b-3490ddf51594,Magdalène,Albert,448-892-3139,nalbert5v@reference.com,11/16/1965
bd08d62f-17d7-4fd7-8d68-4da656e00432,Maëlyss,Milnes,406-580-9385,smilnes5w@cisco.com,2/23/1940
3279929e-65c7-4999-8f1b-ee224ae3c83a,Aimée,Kimmins,922-116-7571,dkimmins5x@technorati.com,7/27/1991
dd9271be-feaf-4ea2-b19f-3a975472290b,Cunégonde,Matasov,515-642-1054,imatasov5y@cargocollective.com,6/27/1959
6c03cfd8-16f1-4ee2-94d3-ca01656fd20b,Åsa,Dowty,452-841-7011,gdowty5z@histats.com,5/5/1959
af853396-1c9b-438f-807e-bf8fed7555ca,Salomé,Casterot,255-410-5056,gcasterot60@buzzfeed.com,3/14/1996
b1ee56af-174a-41f7-861d-b0ed98460db4,Mén,Bulleyn,159-871-3321,dbulleyn61@pcworld.com,1/21/1999
6983ec9a-660c-4c46-9fd6-8f5cd2b9ca90,Styrbjörn,Margetson,307-546-9219,lmargetson62@a8.net,8/4/1930
893fff51-cabc-49e4-aa8f-919c8555b277,Alizée,Hunnicot,417-589-2225,hhunnicot63@ox.ac.uk,10/29/1938
25a783ac-85e2-4730-a8d9-8ab683e260c6,Kallisté,Younglove,488-543-6797,lyounglove64@oakley.com,1/12/1923
894297fa-53dc-4339-af82-2cce5145c7d8,Cunégonde,Casterot,480-119-1405,lcasterot65@weather.com,4/28/1978
7bccb689-ed9b-4a5e-933d-ae2e27683523,Loïc,Christon,479-512-5942,jchriston66@networksolutions.com,2/22/1974
5e588ea4-c173-48d5-bd05-cd6b831dd65a,Mélissandre,Heady,148-348-0332,eheady67@php.net,5/11/1933
317b9ad2-48fb-44e2-9bff-40eba7c4f5e7,Göran,Wasiel,818-470-9729,gwasiel68@weebly.com,9/5/1926
bd1d120b-f1c3-4230-8ae4-eb6ed53aa571,Océanne,Huckell,425-708-1878,shuckell69@godaddy.com,2/28/1953
c8dd2be6-6043-4984-a4f6-9c52bd7d29d0,Aí,Cay,738-409-0035,ccay6a@so-net.ne.jp,10/30/1986
eb19d42a-2d17-4606-b2ef-e3c13526a354,Laurélie,McCloy,158-933-8767,dmccloy6b@home.pl,11/18/1955
d24777ee-a2c6-46b8-9c29-b7a79e634c50,Håkan,Kearney,567-935-2934,gkearney6c@bandcamp.com,8/5/1977
3ebdc7d2-560f-4f3e-a354-77732d702e63,Adélaïde,Garlett,138-467-2988,jgarlett6d@intel.com,4/28/1958
2aa9b23d-4719-46d1-a3ce-40f4518c250f,Lucrèce,Bolte,903-140-4866,mbolte6e@oakley.com,12/12/1964
e6081783-ba5c-4c25-930b-7beb666ff1b4,Örjan,Hamfleet,668-477-6152,jhamfleet6f@whitehouse.gov,3/14/2001
9d5bcc7c-6a21-498b-a0e5-a4206d7e87ce,Görel,Mackieson,528-715-4668,vmackieson6g@princeton.edu,3/16/1965
0d643156-30e6-4b9b-989a-850f6326c8f6,Angélique,Effemy,746-796-5687,teffemy6h@jimdo.com,3/15/1950
a970ac96-15e7-4d6a-a554-c8cfd15fdecb,Cloé,Hodgins,748-536-9245,mhodgins6i@jugem.jp,3/27/2003
ebd68911-d8fd-4213-8700-93d53ea8fcb8,Annotés,Bury,588-464-0267,vbury6j@is.gd,6/25/1970
f9274ce2-e00d-46b2-92f5-a90b3d5b50cf,Dà,Brissard,699-189-6512,cbrissard6k@bing.com,9/28/1979
4d9aed24-f647-4f4a-8238-4311f35c90ab,Bénédicte,Stammirs,626-881-6027,sstammirs6l@tumblr.com,9/18/1921
5deeafd7-6b0e-41b6-9d95-c49c20945e00,Kuí,Purslow,725-889-0785,mpurslow6m@mediafire.com,7/8/1930
24d53e68-2772-4690-a01d-52fa461b1d47,Noëlla,Giannassi,992-569-8411,rgiannassi6n@apache.org,11/23/1975
1976d23a-289e-4d62-8302-7f6064e1baab,Adélie,Remmer,181-838-9668,lremmer6o@businesswire.com,1/25/1997
ed977977-60ca-4c24-a67f-23a3908cf572,Géraldine,Message,910-910-5751,bmessage6p@admin.ch,9/24/1960
7c3cf006-61ec-410a-81b4-3171901f6ba9,Intéressant,Aldwinckle,870-684-6690,oaldwinckle6q@umn.edu,9/4/1957
3146b22e-e7d4-42c8-95a4-57ca7946c93f,Garçon,Reinisch,716-703-8239,mreinisch6r@virginia.edu,9/8/1979
564ac998-b088-4a54-86a9-62514bf4997c,Marie-françoise,Way,308-256-5008,rway6s@4shared.com,3/29/1923
13a87588-d95f-40dc-8f4c-46424542cd27,Crééz,Withrington,852-579-2946,jwithrington6t@soundcloud.com,12/25/1925
950593d2-3a18-4535-b124-b2b8e5667568,Clémentine,Frank,703-215-5821,nfrank6u@issuu.com,11/9/1943
ee18d351-a674-4151-98b3-01fa4da71a78,Mahélie,Dugdale,235-580-7563,gdugdale6v@europa.eu,2/20/1974
767fd298-8833-4c8a-97d2-e2bb5aa00d3a,Publicité,Brixham,448-872-7228,mbrixham6w@unblog.fr,1/13/1928
f16ea929-d605-4344-b21e-bdb194402426,Cécile,Glandon,337-816-4529,wglandon6x@histats.com,2/12/1956
c237f72b-8e7f-41e9-83a8-57ac1d335a4c,Frédérique,Lowater,344-878-1240,glowater6y@soup.io,4/4/1923
eefc0343-626c-44c4-ab4d-67eb89fc7319,Táng,Wontner,340-149-0450,kwontner6z@sakura.ne.jp,5/22/1967
dba5ccbb-d0ee-407c-8d23-14ad35ed33f9,Loïs,Hopkins,394-457-9252,fhopkins70@uiuc.edu,7/11/1957
89085b45-54f7-43c3-9fe1-2909dfd38767,Yóu,Levine,822-507-8650,blevine71@tamu.edu,8/19/1989
f3eeb5d5-5d58-44e1-ac4a-f4904fbf2f46,Rébecca,McAleese,392-698-2123,amcaleese72@opera.com,10/9/1986
91a66a21-053e-4c50-8228-852c69b468a5,Gwenaëlle,Flynn,589-630-5586,mflynn73@hud.gov,10/10/1956
dfd2b29a-11ff-4e20-b45c-4d0ff49044f3,Maïlis,Madgwich,817-796-9938,lmadgwich74@auda.org.au,7/21/1969
9bcc0381-ed62-4823-9fab-df86cdfd593b,Léone,Halladey,387-466-5091,dhalladey75@senate.gov,11/23/1953
90f0d296-3cce-4a40-9629-5afb2cd52698,Séréna,Sylvester,866-383-6241,nsylvester76@usatoday.com,10/3/1950
93971264-7f83-4a5b-803b-86fdba14936e,Ruì,Clowley,469-517-5711,iclowley77@squarespace.com,3/3/1965
4a24feb5-5b75-43ef-b97d-3376fd6f63ad,Maëlla,Strettell,959-592-4116,cstrettell78@prnewswire.com,1/28/1974
17f07ee8-7748-4534-9e3a-834454c679b5,Chloé,Pothergill,514-532-3779,gpothergill79@mysql.com,10/15/1929
0a6c5905-9aa1-4deb-826b-0a77ed7c4ecf,Tán,Vallentin,678-880-1489,gvallentin7a@wordpress.org,12/18/1924
da884519-d3d0-4d74-81ef-dcfa13e2ac5e,Maéna,Ernshaw,288-193-8631,aernshaw7b@bloglines.com,11/8/2002
da2a7a6f-261b-4347-b389-f3b8966e80eb,Léa,Yantsurev,615-250-6955,ayantsurev7c@sfgate.com,11/25/1920
0171da1f-b232-42a8-bd33-81b216391d09,Thérèsa,Nickols,944-732-7962,anickols7d@sohu.com,8/9/2003
bec1e509-6690-4468-81a6-3229d6cf3bcd,Loïs,Wanka,549-728-4321,rwanka7e@infoseek.co.jp,10/26/1990
34c3c7c7-fb9a-464c-b5f5-dc10cd449169,Ruò,Warman,432-323-8914,cwarman7f@ed.gov,4/19/1933
cf5f518a-914c-4cb8-a83e-b3b018b5084c,Camélia,Tennison,977-420-7524,ctennison7g@vimeo.com,1/14/2004
95e12cd7-2057-41bb-931e-0de369ecfab0,Anaïs,Reuble,594-469-0321,treuble7h@ebay.co.uk,1/7/1966
d2d2c772-0a80-400c-83a0-782b3a3c7330,Edmée,Naper,148-338-6064,bnaper7i@csmonitor.com,10/12/1927
51bea0cd-e243-4900-b705-0d6433f3282c,Nuó,Skentelbery,151-764-3764,rskentelbery7j@cnn.com,6/14/1987
b7e0e338-af2b-4067-8c3e-9d793e1b36a4,Daphnée,Logan,468-793-9625,klogan7k@blinklist.com,2/27/1984
235c703b-c2f1-4f06-91b5-1c14451f5ff1,Táng,Bentinck,210-289-0487,rbentinck7l@gnu.org,8/3/1967
8563a25d-655a-41f6-adf3-61b8aa1eb9bd,Océane,Boulding,573-129-4269,mboulding7m@columbia.edu,5/19/1972
d8490392-bee2-47af-b132-972a3f995dd3,Cinéma,Guitton,462-484-5785,vguitton7n@marriott.com,3/10/1949
f232c8c9-0698-4d46-8cce-6a055316a305,Maïlis,Grestie,912-900-4793,hgrestie7o@psu.edu,8/24/1977
1cffe147-abf9-483b-93f2-2b98c412073e,Océane,Josefsohn,130-288-3190,cjosefsohn7p@people.com.cn,9/23/1975
640444cb-0df4-4439-9346-94d09a07a809,Chloé,McAvinchey,630-368-5386,jmcavinchey7q@php.net,12/31/1981
027a345e-4bb1-4e99-84e9-c9d23318576e,Camélia,Dailly,455-925-6344,kdailly7r@liveinternet.ru,4/28/1994
7e487b80-1768-4e9e-ba0b-b416ac7fff53,Miléna,Conley,510-135-3701,hconley7s@va.gov,4/30/1928
3583e1e4-d6c7-4e44-9eaa-71c80e4cf5ec,Bécassine,Welford,236-883-5354,uwelford7t@1und1.de,11/19/1931
1a6d087c-ecca-4740-ae02-16468c5964a6,Kallisté,Nickell,392-109-7359,snickell7u@msn.com,1/15/1925
badb05da-22e7-414c-9bd1-7517acb13059,Magdalène,Bauld,161-768-9574,lbauld7v@nymag.com,7/6/1973
f282211c-e87b-45ed-b940-ff567ee9361d,Ruò,MacGown,281-108-6432,lmacgown7w@dell.com,10/31/1965
69340ac3-359a-4460-98ec-dcee07d65708,Rébecca,McRae,296-913-2079,smcrae7x@etsy.com,9/26/1932
339b06c5-267d-4858-ba49-2c5776a74771,Tán,Leemans,916-859-1753,ileemans7y@xrea.com,10/19/1959
b53aa1b5-39a1-47c8-b9d7-e97d39cbb0d9,Angélique,Greir,845-634-3156,tgreir7z@unesco.org,9/11/1967
05a82ed8-303d-4e56-be44-20fb9c78d4be,Edmée,Yegorev,222-896-0073,gyegorev80@wsj.com,12/29/1921
2560c46b-3b45-4cf6-aff9-748a62b9ca2d,Naéva,Phant,275-937-0430,hphant81@wp.com,11/6/1997
772223f6-2225-42cc-afa9-a465351af480,Méryl,Stubbert,692-292-5894,cstubbert82@dedecms.com,2/16/1931
b4fb6c04-7ae5-4b4f-ba04-0bb53f4edbf6,Océane,Offin,291-641-2447,koffin83@woothemes.com,2/7/1922
b719816a-c3c4-48d9-aa53-c99ec5fc5018,Estève,Revie,701-309-1544,srevie84@techcrunch.com,8/11/1976
571176a2-e300-413b-9e2b-5aaf54f97693,Félicie,Ingledow,731-677-3820,mingledow85@globo.com,7/14/1993
5d2a6878-c9d4-4a27-b1f5-ee9e6ec0785c,Inès,Kitcherside,821-204-9561,skitcherside86@ebay.com,12/24/1931
2ab21c3b-7559-4b95-b0e0-2a3888fecf34,Lyséa,Guilleton,832-476-9586,sguilleton87@csmonitor.com,7/8/1947
2527775c-9e43-400c-898b-5cfd527da77b,Lauréna,Dummer,632-749-1292,cdummer88@google.com.hk,6/3/1933
555cbd3b-6f44-4550-b4aa-edf77c208fad,Lorène,Ondrusek,125-792-4019,rondrusek89@ezinearticles.com,10/6/1965
2dc34581-f5b3-40b4-b211-70096a86f767,Estève,Matusson,122-971-2112,dmatusson8a@state.tx.us,9/17/1945
0948b300-11bb-43c0-8f7b-7e00aae7a90c,André,Sperski,335-869-2785,asperski8b@quantcast.com,11/29/1957
f5d40d07-ca4c-4d76-81f4-efb7dcbba5bb,Naéva,Barczynski,753-447-1087,sbarczynski8c@fotki.com,7/21/1995
d977fac3-bc6b-49c9-b8c5-fe6c137ea882,Clémentine,Alebrooke,737-963-9551,jalebrooke8d@jalbum.net,3/31/1998
40f28bf3-7d80-49eb-a603-eb6ddd15ced0,Nuó,Bukowski,619-650-3969,ibukowski8e@acquirethisname.com,5/14/1979
2cc6d4d3-3a07-4d82-8dd6-e927bfce152f,Gaïa,Petyakov,448-359-8769,epetyakov8f@bizjournals.com,12/30/1976
0e5f8c88-b6a7-448d-9947-c679c12c3991,Tú,Kase,802-415-0058,pkase8g@sakura.ne.jp,4/19/1944
d5ccf755-72cb-426d-847a-938912ba6106,Néhémie,Di Biagio,244-834-8567,odibiagio8h@meetup.com,9/29/1934
1748bede-4a59-4c49-9bcb-6f1322e39cf5,Gaétane,Airs,810-339-9784,tairs8i@pinterest.com,9/16/1988
42c1711d-f74b-4efb-8203-b5aaee5e16e9,Clélia,Tanti,676-819-6856,rtanti8j@google.com.hk,7/15/1942
9f9f6c31-9516-463b-bba8-90507970c0de,Aloïs,Wadsworth,512-946-2248,jwadsworth8k@miitbeian.gov.cn,8/23/1995
60a83cb9-6d92-4a15-8046-8cab228bda64,Eliès,Gerg,897-629-9086,hgerg8l@comsenz.com,5/3/1944
27d9fc76-26d2-4780-865a-8b46636a43ee,Cloé,Mongin,181-542-9418,tmongin8m@vinaora.com,6/24/1938
d4bed77c-188b-4ad8-8d8b-61f746873d25,Desirée,Enden,657-530-5050,nenden8n@usatoday.com,2/6/1962
33d8110c-f56a-4bd3-9079-5d52ac0849c8,Marie-hélène,Ciepluch,778-840-9951,sciepluch8o@auda.org.au,10/14/1932
cfffb495-c318-4a80-8088-fba103fff07c,Lyséa,Aasaf,364-951-7006,gaasaf8p@themeforest.net,1/5/1955
36a209d1-27d4-42f9-a0cf-2870e0306f1b,Ruì,Musson,214-530-8208,dmusson8q@rakuten.co.jp,10/5/1955
90759baa-7299-429c-b617-17ba69099064,Clémentine,Kittle,849-860-4521,kkittle8r@csmonitor.com,7/23/1996
440a531f-8be7-40ec-a6f4-cd3dd64a669a,Naéva,Gravenell,862-748-7972,xgravenell8s@netscape.com,11/18/1993
4330f637-98a4-48fe-9189-d6ae117285d3,Cinéma,Mulmuray,236-784-6304,kmulmuray8t@lulu.com,5/22/1925
84d44362-8434-4b20-ba6b-477e03f259b2,Rébecca,Briatt,660-452-2832,ebriatt8u@clickbank.net,7/5/1963
d78a03ba-7b0e-40dc-ac84-91f89bf4fc46,Mélia,Baelde,896-264-1723,bbaelde8v@prweb.com,2/15/1949
292cd628-eb7b-4d9d-afcc-c03297c0a44d,Garçon,Gianulli,993-750-5484,cgianulli8w@squidoo.com,6/14/1930
84dc3c24-9f21-4901-890a-7a8670eb07db,Gaëlle,Maxworthy,544-480-4625,rmaxworthy8x@sbwire.com,8/16/1944
8d06135b-efa7-4c7c-b0a8-4b991b316db8,Mélina,Dunn,477-486-3600,kdunn8y@businesswire.com,2/16/1955
4599c95b-bbd9-4055-a18f-c1c5079a9013,Noëlla,Balazs,389-463-8498,lbalazs8z@360.cn,3/21/1947
d11ea79f-42d6-4110-ac06-bc86dd443e09,Léa,McGaughay,240-752-4883,gmcgaughay90@wiley.com,10/24/1989
bb364462-c4eb-4bd3-8145-30336cceebe2,Pål,Vallow,486-904-5368,nvallow91@icio.us,12/9/1976
d8b5aab5-a0d4-483e-bf1d-b1ee9d35b540,Cléa,Veare,328-783-5601,cveare92@reddit.com,9/15/1979
92f996c3-22f8-42bf-b33b-cbf5077dc9be,Hélèna,Leifer,435-526-3132,jleifer93@fda.gov,1/13/1939
df614622-0f10-47dc-a377-5ef051eae91f,Inès,Whittles,484-378-5741,nwhittles94@ycombinator.com,4/9/1966
a3a0f2b2-0d92-453f-8cc0-75addebb1fa4,Anaé,Tschierasche,349-760-8939,ptschierasche95@cnbc.com,12/1/1947
f0274d4d-93ec-4cba-a749-0506d8b10cf9,Ruò,Graundisson,200-764-0417,tgraundisson96@deliciousdays.com,1/14/2003
7c40993e-86d2-4950-aba5-a76f41ff2357,Marlène,Balls,141-282-9388,eballs97@goodreads.com,10/25/1997
ea02b89a-3443-4588-a428-ccdbef276343,Kévina,Tunnow,818-351-0213,ctunnow98@pagesperso-orange.fr,7/5/1969
c9a845b4-a01f-416f-b431-3ca0f2607446,Mà,Woffenden,404-186-1836,fwoffenden99@freewebs.com,9/1/2005
3ece48e8-b6e1-4063-9fd6-2a12803d3261,Lorène,Hardingham,562-407-5665,ahardingham9a@diigo.com,4/30/1960
30f06dfc-c51f-4f2d-9427-0bb0a85be03b,Pål,Lerven,956-561-8181,slerven9b@sfgate.com,3/11/1991
c4d75536-c71b-45bb-9cb4-d4f745793817,Görel,Lantiffe,416-911-4967,alantiffe9c@jugem.jp,9/18/1959
d1172118-a387-4cfe-85b7-cb8f0c07c400,Cléopatre,Flye,837-288-3531,rflye9d@engadget.com,7/7/1922
413cce59-ac9c-4bc3-be4b-ba67d2543b8a,Anaël,Chalke,387-222-7332,echalke9e@eventbrite.com,6/27/1997
8dd87a4d-cb0e-4193-b297-d2e14ba66e74,Märta,Govenlock,523-797-7372,kgovenlock9f@slideshare.net,2/13/2002
b7badba2-5a38-4d3b-85ac-21e2e080c38b,Lauréna,Turvey,531-315-8502,gturvey9g@wisc.edu,11/14/1989
07820434-0890-4ca0-89b6-01492b2b5df3,Aimée,Biscomb,879-586-6333,abiscomb9h@vimeo.com,10/1/1933
c0f80099-48b4-47e7-912e-7c26eb13eaad,Bécassine,Robardet,353-976-3435,mrobardet9i@telegraph.co.uk,6/29/1976
ec39ae05-5b4c-4880-8118-2d5e2a9542a2,Alizée,Raynham,506-113-4745,hraynham9j@tripadvisor.com,8/11/1942
fb023c20-5981-4f20-8a04-6e928a286519,Géraldine,Paoletti,993-647-1035,opaoletti9k@japanpost.jp,3/23/1926
a165ce8e-8ae7-4f52-9266-da7e200535c0,Gaétane,Farey,864-811-3411,dfarey9l@sphinn.com,11/3/1925
a2548bb1-c1d1-459a-ace1-9bc34c317816,Géraldine,Goch,307-581-4877,mgoch9m@soundcloud.com,9/24/1944
14fbbb65-a858-489a-b870-21e5f5df182e,Maëly,Leverington,917-204-9501,oleverington9n@oakley.com,10/7/1949
36a48a0e-dac7-4d3f-8a5c-6a383d716670,Maëline,Jaycox,255-393-4690,ejaycox9o@narod.ru,4/23/1953
99a47fad-b8c0-4b5b-830f-47cd79fa2500,Méryl,Likely,403-632-4760,clikely9p@bloglovin.com,10/15/2002
136a5778-f245-46d4-bd9f-a1829de3721d,Ophélie,Jesty,914-224-5703,ejesty9q@sina.com.cn,4/4/1993
f578681d-1f96-4e2b-b087-4f732541748b,Solène,Bartrum,573-245-9222,gbartrum9r@51.la,10/20/1985
36f3e601-d4ed-4d31-9526-01c18827cf81,Mélinda,Schole,459-510-0706,kschole9s@github.io,6/9/1949
57c7edbf-a0cc-4df9-9871-7849aaf240de,Méghane,Thundercliffe,561-792-1657,fthundercliffe9t@rambler.ru,1/8/2005
e5139784-e051-43d7-b21c-a3d6b497b279,Simplifiés,MacCollom,204-106-8494,nmaccollom9u@phoca.cz,10/25/1956
4e5c3360-fa0c-4693-8a00-e8fe3f1e218a,Marlène,Leahey,481-751-5472,rleahey9v@plala.or.jp,6/20/1945
97eef0ec-049e-4db9-b8d5-7dabfc7eb3ff,Lèi,De Gregoli,584-467-7627,idegregoli9w@sourceforge.net,9/12/1996
f8f3de17-1c9a-4155-81f6-2a0164dea24a,Aí,Beadnall,103-456-3761,dbeadnall9x@shareasale.com,8/1/1976
1ed53f36-9ef8-4d75-aaa6-c37cead61f7f,Mégane,Reeken,824-915-4780,areeken9y@newyorker.com,12/2/1995
ccfc7c60-0b6c-4af9-ad50-c8732ddf2b7c,Thérèse,Ashpole,435-107-1236,sashpole9z@vinaora.com,2/2/1991
e01a9975-119e-4d7a-a961-217db8bd1eaf,Mégane,Foddy,598-254-4138,rfoddya0@webnode.com,11/4/1962
786758e0-ffad-4b5b-8c2b-a0d775a6b75d,Bérénice,Morat,913-625-0174,bmorata1@ow.ly,2/10/1962
d2f1ed15-3545-4352-ac9e-4a9bb94acef0,Eléonore,Cokayne,761-593-9099,bcokaynea2@nba.com,9/19/1999
2b58af97-319e-40ef-a989-579e64369d2c,Ruò,Guitte,401-540-6174,eguittea3@cyberchimps.com,10/11/1962
baae6509-b8e4-4fd5-b518-fd22a80e8332,Maéna,Paterson,455-307-2179,hpatersona4@examiner.com,10/14/1966
1b6175d4-de40-4e49-be3d-fe8669cc7bc7,Régine,Ellul,534-285-8325,wellula5@over-blog.com,4/20/1996
10d4cc29-3c4b-4d70-84a9-133daf31646f,Geneviève,Enden,139-891-2118,dendena6@goo.ne.jp,6/29/1935
3bd9ea45-ca72-4d06-ac80-0b3e3b588337,Lauréna,Boydell,126-563-2191,tboydella7@intel.com,1/20/2001
777ee3ef-aefa-42bc-95f3-d730fd23be29,Méline,Maleck,974-898-5959,dmalecka8@tripadvisor.com,4/13/1954
09ddee07-c9ba-4a50-b775-5c68aac0aa0e,Nuó,Caton,978-783-0524,ncatona9@google.nl,11/4/1945
78f62cd7-05a7-4ddf-9877-0f7877353560,Crééz,Detoile,549-454-6917,wdetoileaa@foxnews.com,1/9/1977
32473c99-e3cc-4ab4-aff6-8a606c533a35,Maïlis,Benedtti,690-365-9173,rbenedttiab@goodreads.com,8/26/2000
28cd6127-1a34-4068-9047-28235cfca32d,Mélissandre,Arend,936-582-1613,barendac@slate.com,7/22/1968
3770626f-32f2-487e-b824-c5fac72dcf2c,Mélina,Flaverty,812-315-2253,bflavertyad@theatlantic.com,11/29/1953
944a6364-3da3-4ac8-bfa5-8e5f3e6397cb,Gwenaëlle,Thay,805-864-7968,sthayae@4shared.com,11/18/1958
45b23818-d849-460a-887e-1cb34c5b5a6f,Adélie,Ovington,935-436-5425,fovingtonaf@oaic.gov.au,6/3/1967
34d9a783-5dfa-4d65-ad54-e2983f6d786f,Marlène,Ottey,137-666-7763,motteyag@livejournal.com,6/29/1955
6d8d4bd5-f5c7-4339-82a9-7ff31e1e424c,Océane,Tearle,828-184-4829,atearleah@ning.com,1/6/1927
c049cfd9-b78a-4d6a-a1ba-48f5995b8b3a,Torbjörn,Probbing,612-773-3213,gprobbingai@deviantart.com,1/14/1958
de0650fe-3385-4422-831e-0e52274a2f91,Salomé,Raynton,906-671-2353,hrayntonaj@symantec.com,4/2/1939
e26cb1d8-8767-44f9-880f-9727b361e728,Léana,Danieli,580-656-9130,edanieliak@hud.gov,5/24/1940
65da05d4-9d99-43f0-8c07-6532a869c7f1,Méghane,Franiak,824-261-9938,jfraniakal@mail.ru,3/23/1952
9eb5aecc-bc45-4763-b0b0-fe95223ab48f,Sòng,Ditter,264-998-2216,aditteram@privacy.gov.au,2/8/1933
2ba61947-9f86-4f6b-8f22-f2f5e7729b78,Dà,Francecione,463-602-3446,vfrancecionean@reference.com,2/28/1970
8a6aa738-2cbc-41b0-aea4-3ca467c9852a,Örjan,Woolam,953-834-1581,mwoolamao@mac.com,11/17/1959
ea16e09e-4978-421a-ab3f-3d6743dbd268,Maïly,Vere,518-196-3900,dvereap@meetup.com,12/6/1989
3670590a-9679-4df3-863e-a29c28f7e951,Kuí,McGlone,122-890-5190,omcgloneaq@nationalgeographic.com,8/13/2003
77f67d2b-dc98-4062-8430-de771bede980,Chloé,Willimott,301-712-8422,owillimottar@pbs.org,3/7/1972
9f5b66b9-005a-46b5-973f-78d08df9ae66,Hélène,Grassett,456-856-9871,pgrassettas@guardian.co.uk,8/8/1969
4b15e93f-c15e-4389-ab2a-31625798f25e,Gaétane,Myrkus,621-751-8622,bmyrkusat@sun.com,7/22/1963
45591942-15de-40be-b0a8-b85cb09f4c32,Zhì,Bernardoni,360-668-8036,kbernardoniau@twitter.com,10/23/1954
b162b986-f6a6-409d-ad1e-4ad679a87ce6,André,Oakey,155-138-0269,coakeyav@arstechnica.com,6/11/2003
b0387f51-2e7c-4e20-992f-502e14a30ae0,Célestine,Stephenson,939-731-9613,hstephensonaw@alibaba.com,3/21/1932
5444a0e1-a928-4b31-883f-cc0c57eb9653,Dorothée,Wurz,735-790-5677,cwurzax@shareasale.com,12/25/2002
0c11382f-e284-4c16-9fc8-5425eb8667bc,Mahélie,Wittier,705-928-3722,twittieray@pcworld.com,6/6/1976
20efef8f-59cb-4fa1-948c-40cca01fb390,Michèle,Janew,752-628-5502,gjanewaz@fema.gov,5/6/1945
f967f77a-7d5d-4c1f-a4ae-84079abc131f,Nélie,Waddie,414-703-3914,awaddieb0@stumbleupon.com,10/20/1988
34be5102-68fc-4f46-8c5c-c87f11bed9b8,Laïla,Bownas,367-674-4516,mbownasb1@google.it,8/28/1977
e8163c5a-9a1d-4e2d-8271-5b8e77c8f762,Maëlys,Cumberland,496-154-3765,wcumberlandb2@unc.edu,12/4/1980
9c4724f8-9405-448f-b44b-86947cbb4533,Rachèle,Crutchley,649-755-1531,zcrutchleyb3@symantec.com,2/15/1938
8ed03cf0-350b-4e8e-b86a-7e6800c38069,Judicaël,McNally,918-467-4869,bmcnallyb4@goodreads.com,3/2/1966
17ea1747-4a62-46e7-aaa6-351f9ca2984d,Thérèse,Groundwater,355-817-8739,mgroundwaterb5@independent.co.uk,6/20/1984
7912ee79-03a2-4de7-a729-4d03b5a3e7ac,Laurène,de Copeman,160-647-9501,adecopemanb6@nyu.edu,6/7/1932
7fbd54a9-0ac9-45bf-b608-b1786feaae6d,Bécassine,Whaites,592-593-4574,pwhaitesb7@xinhuanet.com,7/3/1947
98dfe1d2-2b29-4b10-8578-845ea039b89b,Jú,Delgardo,308-198-4060,gdelgardob8@globo.com,2/26/1928
c0add2db-33f6-46a6-8192-47f95699d65b,Aloïs,Leving,845-498-9994,rlevingb9@nhs.uk,10/14/1957
29701f50-9019-4797-8202-e3e196ef1973,Liè,D'Hooghe,239-816-7044,ddhoogheba@addthis.com,6/16/1977
a09088e9-1624-4c62-9a68-29f80f0d6fdc,Méghane,Lesly,527-448-0881,kleslybb@house.gov,5/13/1965
d4a62377-92ea-4e00-b59c-c223d48c60b0,Eléa,Houltham,161-977-3788,khoulthambc@wix.com,10/1/1989
a7705ace-b4bd-4d4d-81b3-f9950fee1b5c,Örjan,Boutwell,330-861-7322,gboutwellbd@psu.edu,6/16/1983
8335a181-d4a8-4010-a34d-030cbf6d6671,Naëlle,Spadotto,994-290-4994,aspadottobe@is.gd,1/18/1986
d4f06e0b-5de6-48d0-b540-60ab5f6640ba,Angèle,Bucky,257-506-9657,tbuckybf@netvibes.com,1/14/1964
1ecf1228-a497-47bd-b92f-9462016a7d1d,Célia,Brazer,744-632-3893,tbrazerbg@netlog.com,9/9/1953
8cf6e1ce-243a-466c-ae9b-83cdeed4896a,Mylène,Driver,825-391-9587,jdriverbh@liveinternet.ru,4/5/1921
3c4fe83c-f7ca-4f3a-a6b8-ef247f30d680,Océane,Peachman,220-774-7107,hpeachmanbi@admin.ch,3/20/1924
53006228-80a3-4462-a7ef-68107357c87d,Cloé,Looney,470-722-7732,alooneybj@networksolutions.com,10/23/1955
b724bfb2-8521-43f1-b539-4fc59e808d74,Séréna,Lunbech,837-876-8892,alunbechbk@usnews.com,6/10/1926
bbfc1a85-1a4c-4717-8990-0060d5f9b123,Almérinda,Massow,897-362-0196,smassowbl@archive.org,4/17/1944
6b9ab294-5f67-4f06-9c64-634da60675bc,Joséphine,Christescu,974-990-7192,jchristescubm@chicagotribune.com,9/28/1992
5680428d-795f-45f8-8b18-0118f9317b71,Rébecca,Byway,249-370-5484,abywaybn@ycombinator.com,5/1/2005
7165e6fd-a7f7-48fc-a96a-af2c29b318ab,Inès,Woan,228-927-7742,dwoanbo@google.nl,12/14/1961
2570e520-03de-4f42-a9cc-03374d754f9a,Torbjörn,Bilton,807-732-1986,bbiltonbp@chron.com,7/10/1928
ef21d0c5-2959-4f6b-9870-f5237c8934e9,Angèle,Margiotta,738-792-7459,smargiottabq@jalbum.net,8/31/1978
6ea29a2a-a9d0-4ec7-afe6-6500d8b12747,Vérane,Franzolini,826-772-7421,tfranzolinibr@thetimes.co.uk,3/13/1952
d1181476-6139-4e42-94d8-f26389a708a5,Renée,Maken,731-333-1071,cmakenbs@ca.gov,9/17/1924
a105b782-feb6-406c-b18f-db661302095f,Kuí,Bengtsen,857-650-0126,bbengtsenbt@sfgate.com,6/9/1985
8b7fed75-1d24-4cfb-a5cc-c41878e42fae,Clélia,Rolfi,646-749-5804,srolfibu@ftc.gov,12/13/1984
b52fed1f-fae3-4e31-8568-7c7b0b7b7a48,Véronique,Otter,149-869-9726,kotterbv@marketwatch.com,12/22/1941
51d58d12-3469-4ced-9ba5-d2f262212652,Frédérique,Brissard,742-795-7773,ibrissardbw@symantec.com,4/9/1938
e406aa17-755d-4922-ab7d-fdbe538f3b0e,Mélissandre,Faulconbridge,924-326-8172,kfaulconbridgebx@pcworld.com,7/31/1937
d50de8da-eeaa-4016-8394-0e1cb089d404,Lài,Sykes,674-890-5405,usykesby@naver.com,3/21/1941
c4ebf1b1-d558-45a4-8355-a4b6e000b8dc,Cécilia,Skally,550-447-1562,fskallybz@ifeng.com,8/5/1976
2b1c3ef5-bdcf-4b28-aec2-bc05ecea5f9e,Aimée,Vivyan,837-439-9802,avivyanc0@yahoo.com,2/4/1959
e54ad097-1752-4da6-8e21-928fcf8aa6eb,Michèle,Dolby,808-551-9869,sdolbyc1@hugedomains.com,7/24/1923
0c67c597-4667-4ac9-b41b-c0287f71d019,Nélie,Hellmore,160-457-3161,khellmorec2@ocn.ne.jp,5/11/1990
34852a0f-142e-45ab-85c0-e354db94a8d3,Inès,Budnk,741-182-9490,lbudnkc3@feedburner.com,4/29/1995
3108e460-5cf4-4ed9-aafa-d635a6f878c8,Dorothée,Vanlint,989-225-4584,pvanlintc4@patch.com,7/6/1959
4793ca2d-2912-4b6b-88cc-3a6eec7448a4,Dorothée,Coppock.,896-960-7474,mcoppockc5@fotki.com,8/26/1963
af1e307a-1774-4889-9825-4758a67c0d1c,Sélène,McElhinney,212-705-4084,amcelhinneyc6@gmpg.org,2/27/1958
1f7851bd-89e2-4e69-ab3b-1339c3491f2c,Camélia,Strettle,990-725-0502,dstrettlec7@hao123.com,10/6/1968
3499f69a-3430-479f-8d3f-53bdc925237d,Yóu,Collibear,726-981-7789,acollibearc8@liveinternet.ru,8/8/1939
4c65ad63-d140-48f6-b04b-4b0fde2893cc,Mélinda,Walklett,850-366-7330,hwalklettc9@google.cn,7/30/1962
7e674e25-800f-4ed1-9e6c-24b308123b37,Anaëlle,Elvey,300-816-7985,melveyca@discovery.com,1/16/1970
d21bdf0a-70cf-4c20-b623-c2e6cde69fef,Anaé,Castiello,273-138-6666,vcastiellocb@umn.edu,4/10/1966
2eeb726b-dafe-403b-9d42-ef768f454a5b,Marie-ève,Muxworthy,903-669-3853,amuxworthycc@cam.ac.uk,10/15/1929
f0b448b3-f0d6-4c03-a7f6-897a329b3683,Garçon,Hayle,307-962-1184,phaylecd@harvard.edu,12/6/1968
ae3ebd92-5cd0-461f-b4c1-756588e38b01,Ruì,Comley,106-975-6145,bcomleyce@msu.edu,2/3/1938
0ccc4971-2298-4a26-9e6e-d4a67e0115a5,Liè,Chatain,473-988-5895,cchataincf@reference.com,6/7/1983
c77597e1-dd34-4e5d-8c31-9389b4bc9c78,Thérèsa,Hunston,431-449-0901,mhunstoncg@edublogs.org,9/14/1963
f81fff57-25b6-4254-8757-89950fda1392,Séverine,Haysom,916-356-7123,lhaysomch@xrea.com,10/28/1952
017be3bb-8241-413c-bbec-a13fcd4971da,Göran,Enbury,723-663-0042,renburyci@cbc.ca,1/14/2004
ffc902b3-71d3-474f-ad58-6b3502c7be6f,Gaïa,Browning,357-148-3714,bbrowningcj@harvard.edu,4/7/1984
688548ec-c6ed-44d8-bc3b-7e55d448ea12,Adélaïde,Duddin,705-463-8640,rduddinck@umich.edu,8/31/1925
7d48fe85-2411-4a4a-a3f8-b1e1bf8d0219,Danièle,Beaves,412-538-6939,nbeavescl@people.com.cn,10/5/1971
401580ce-299e-4dd8-b634-ae214a1daa87,Gaétane,Steffens,929-990-4300,nsteffenscm@gmpg.org,12/31/1977
44c8c07b-a6f5-4dff-afc0-a51c6f32c442,Estève,Studde,862-476-1243,cstuddecn@bloglovin.com,5/15/1944
136ca3c4-979e-4eaa-b80b-7b2b5938e683,Mélia,Faldoe,800-949-1858,lfaldoeco@pinterest.com,5/24/1944
98c5e7da-4ef8-457b-9658-7153997b4c0e,Garçon,Wilsdon,163-264-6850,awilsdoncp@google.de,11/8/1997
fb8d5804-a015-471a-a95e-1512e4fa7692,Lauréna,Balstone,480-833-8422,ebalstonecq@mozilla.com,1/28/1998
85106b39-aab7-4cc7-b511-01d453819806,Danièle,Brimilcombe,251-186-8754,bbrimilcombecr@over-blog.com,3/10/1957
8ea22c6b-6d0b-4fc4-96d1-040ea392d58a,Cunégonde,Beagin,941-552-4176,lbeagincs@dell.com,5/30/1942
0a22bc3d-d95c-4f3d-ae12-cefd0397c0e3,Kuí,Kave,496-990-2727,ekavect@uiuc.edu,12/7/1985
d96d606b-9199-4101-b5c4-a628a17da44b,Zhì,Acock,170-366-6386,bacockcu@apple.com,7/14/1998
d77f29b3-857a-4f3d-b657-4190bbebd6a8,Börje,Simoens,664-597-3141,rsimoenscv@blinklist.com,12/28/1922
5ca2db8b-39d7-4be7-8d46-3cf1ac23ec2a,Lén,Pottage,274-797-8551,apottagecw@businessinsider.com,4/28/1967
1d70ab5a-278d-4371-a1d3-20d05fad3693,Athéna,Hovington,762-680-5107,rhovingtoncx@liveinternet.ru,12/4/1927
bae6511c-4df6-4ba9-8b71-a1ed41ed470b,Eliès,Bradmore,982-563-0374,kbradmorecy@ucoz.com,1/12/1921
41e25542-ae70-45d3-bd3d-cd70595639d6,Bérénice,Parffrey,164-487-1969,rparffreycz@europa.eu,2/15/1977
719f6f56-d6b8-492d-aac2-9a34711b9481,Anaëlle,Skurray,534-567-4123,bskurrayd0@psu.edu,7/30/1941
ca3a652b-0075-40dc-be4d-bf0c8e7b56fa,Méryl,Doumerc,979-208-7448,pdoumercd1@vistaprint.com,1/31/1958
5b6eb1c3-f92e-43b5-894a-ca7ffdeda3d1,Lài,Loker,479-413-3521,dlokerd2@accuweather.com,3/7/1979
727970ce-a6b6-40fc-9d07-af5de40c89cb,Frédérique,Graveson,378-506-0070,tgravesond3@seattletimes.com,6/29/1964
79ffcc69-7fcb-4a2a-a58e-e2d7a6b5e08a,Tán,Gould,790-449-3528,sgouldd4@addtoany.com,7/27/1982
4c222b1c-8a90-4816-88ab-484f380297c6,Maéna,Bonafant,160-835-6872,wbonafantd5@google.com.br,2/26/1921
e3c2aeea-bf26-4cdc-a7ce-52dc27e00b91,Märta,Sikorsky,499-102-1358,asikorskyd6@privacy.gov.au,5/23/1959
a942a959-6f67-4fe3-aaff-83f2650883fe,Maëly,Scolland,811-792-7162,wscollandd7@com.com,1/6/1932
0ad882f9-68ab-4b01-9f8b-d9131af2fe93,Marlène,Dalla,366-699-2793,bdallad8@jiathis.com,12/9/1997
4a5c4a35-b03b-432c-be89-e899de1c8470,Nuó,Sunley,869-747-8198,msunleyd9@odnoklassniki.ru,9/16/1996
af913fde-a702-4497-817c-8dfe136aaf74,Nélie,Cockett,403-773-2519,scockettda@purevolume.com,1/11/1974
721f183a-e34b-4008-ab30-8f87165a8247,Mélodie,Brimmicombe,476-395-9854,ebrimmicombedb@skyrock.com,5/5/1924
6df988f4-4518-4b5d-93b3-f77f2e5deffe,Valérie,Mouatt,916-723-9012,vmouattdc@cnet.com,2/20/1922
c2b4b60b-fc5e-4e6c-9ffd-729c26339f6a,Gaëlle,Crosetto,208-320-0902,ccrosettodd@bloglines.com,6/21/1980
431c0087-0398-4f62-ab19-92e4b8be3d52,Sélène,Swyre,621-433-3516,sswyrede@wikimedia.org,7/6/1972
6773e6f2-2d92-49e1-91b1-c0ae2f59f110,Camélia,Broggini,387-412-2157,sbrogginidf@fastcompany.com,6/21/1964
45ad8e60-6336-49d8-b864-c940b627b55d,Dorothée,Lodovichi,301-809-2892,rlodovichidg@hatena.ne.jp,6/15/1995
fd473fe4-5df2-48ff-9d45-cddd2f111633,Estée,Bathersby,224-258-9495,tbathersbydh@wikispaces.com,1/2/1957
d5e0afd2-153c-4e84-9d27-e2ef4ebd514c,Håkan,Crathern,177-292-3645,acratherndi@who.int,10/12/1995
237ce3d7-addc-4f2f-822f-1ec8b89cd702,Dafnée,Le Marchand,209-556-5947,slemarchanddj@google.co.jp,10/19/2000
f5b45580-78d5-4a53-9350-b4fe2edf163f,Léonore,Curtois,701-281-4337,xcurtoisdk@sourceforge.net,12/7/1949
daaba9c3-f41e-4671-9bb2-6600597efe6f,Clémentine,Sawkins,268-715-4834,gsawkinsdl@psu.edu,1/13/1983
382862a0-ef7b-4d78-992c-9013f991755a,Björn,Mougenel,313-790-7805,bmougeneldm@dmoz.org,12/6/1957
c6a9d96f-ab75-43ac-a19a-5585b9dbacdf,Réjane,Cottill,919-443-8859,rcottilldn@dyndns.org,11/30/1947
3b3cf049-98bc-4ad9-bb9d-d1bb5f6b9a9b,Kallisté,Whittingham,211-995-0764,cwhittinghamdo@washingtonpost.com,10/29/1945
26fd15ce-e0b8-4b29-aedc-6d857f233be6,Réjane,Iori,781-371-0055,kioridp@nba.com,3/24/1951
d9a37e2f-a971-438d-88ff-dd9139420540,Inès,McCarlie,979-976-0916,gmccarliedq@un.org,8/23/1974
17eacfbf-8add-431d-8c5f-afd9b5aa1bcf,Tú,Beauly,908-205-8164,sbeaulydr@deviantart.com,9/19/2000
2b43c1ef-e993-4256-840c-92a77c4a7b10,Mén,Hansed,249-205-8665,dhansedds@seesaa.net,9/14/2001
57325a02-91f9-4d70-9946-0eab67a78913,Wá,Barstock,739-322-5209,sbarstockdt@princeton.edu,9/27/1936
daf050e7-3fee-43ea-a9db-e63e3633200b,Personnalisée,Cawson,814-303-0165,pcawsondu@blogtalkradio.com,8/1/1970
62a09a41-eae9-429a-970e-e9a99db6f7df,Yáo,Rudsdale,271-715-0470,qrudsdaledv@slashdot.org,8/24/1932
c503da14-59e1-42d0-bf1a-c63ba0811d0b,Loïc,Waggett,531-969-1180,dwaggettdw@tuttocitta.it,9/18/1951
1c5b2ee4-f39d-4073-afc2-8497606f2cd6,Kù,Middiff,221-778-5444,smiddiffdx@instagram.com,5/29/1962
24622c91-fdd5-4bdf-8970-472db8a281ad,Anaé,Darth,813-683-7471,ddarthdy@networksolutions.com,7/16/1954
97d8cdd7-fe43-4495-8ec7-2c41ff97f437,Stévina,Kubyszek,520-623-6005,hkubyszekdz@wikimedia.org,2/27/1947
4586d18f-14ea-41ff-b82d-fb7db9cc9e15,Salomé,MacAfee,486-262-0742,amacafeee0@reddit.com,2/10/1950
b15243c6-ba55-4742-a126-be52f98abd9c,Rébecca,Grigoire,820-518-1040,fgrigoiree1@nasa.gov,9/26/1961
fe462f4b-2b4e-4963-970b-e6c9acc2733d,Nuó,North,340-114-4508,snorthe2@sun.com,3/22/1983
d7ad9ef5-03f3-43b3-948a-9e8de34be04e,Réservés,Bimrose,732-250-2030,bbimrosee3@digg.com,12/8/1996
92e239d4-ccd8-459b-b5f6-5cd585792735,Cunégonde,Marchand,969-284-4651,zmarchande4@harvard.edu,12/30/1996
45e62031-1433-4c21-b0a3-dc8d28cc04ff,Maëlle,Lipson,843-757-1771,mlipsone5@hatena.ne.jp,9/12/1939
e19b3926-d501-44e5-ad17-b37d457c646f,Nélie,Nagle,717-696-2835,mnaglee6@fema.gov,3/7/1987
1a74d20d-f855-4156-8f85-fe1d93a95485,Marylène,d'Escoffier,707-376-1022,odescoffiere7@gov.uk,3/12/1951
2bbddada-585e-43f6-908c-f82be735aa18,Styrbjörn,Matches,295-190-5886,cmatchese8@usnews.com,11/9/1945
3c2a7adf-d133-4d55-88b0-9b0b85330002,Personnalisée,Christene,100-330-2535,kchristenee9@yale.edu,8/19/1964
e132cb0b-bf85-498d-a740-d3eb69748623,Adélaïde,Windybank,952-349-1627,swindybankea@forbes.com,11/16/1965
83910880-ccb6-4020-9260-ca956a7919d0,Nadège,McGovern,365-966-9209,vmcgoverneb@cbc.ca,7/21/1990
7352d5d0-c61b-4697-aca2-1876a24d83f3,Méryl,Onians,486-663-0892,doniansec@techcrunch.com,2/2/1923
d8dcaf86-08ef-4ac8-bf3d-da9a98198857,Gaëlle,Charles,432-281-0564,tcharlesed@illinois.edu,5/22/1990
dc2a433e-a54c-4d9c-ade8-b9e48842a8e4,Cléopatre,Breeze,214-271-7396,obreezeee@time.com,5/23/1964
72e3ad6c-2d5a-41a4-8ae0-85327b312ce6,Laurélie,Burniston,202-442-3195,rburnistonef@sina.com.cn,1/24/1988
09ad9240-a7d3-440d-a811-fba2adbbf0fc,Miléna,Spiniello,803-957-4824,espinielloeg@usnews.com,5/8/1974
459084d9-4e70-479e-80aa-f457bf22e3f8,Mélanie,Khomich,695-220-6687,vkhomicheh@scientificamerican.com,7/11/1947
d6964c7a-0445-4eb3-b802-7b164b8faae3,Méng,Coan,230-724-0688,gcoanei@feedburner.com,1/12/1943
91723c5e-80ab-482a-b7b5-52e24181f769,Adélie,Faustin,983-264-6934,gfaustinej@ucoz.ru,5/20/1923
e7098c9f-12e4-4255-8d13-af62abba78c0,Publicité,Krysztofiak,714-634-2885,pkrysztofiakek@biglobe.ne.jp,7/24/1921
f823f827-7c97-4863-95ac-e8c10569fc60,Gisèle,Eckert,681-490-7813,keckertel@scribd.com,4/21/2003
283853ca-18f8-4707-9658-c5d158de27c5,Mylène,Casebourne,437-927-8540,ccasebourneem@forbes.com,9/15/1953
1a0e318e-0796-4327-ac5c-c069f847652f,Pål,Cryer,269-112-3380,kcryeren@spiegel.de,3/7/1937
6f26966f-6110-4188-bd0b-d948907a5798,Håkan,Lattimer,363-744-4952,blattimereo@parallels.com,9/18/1973
3d574c40-d027-4c6c-a78f-d49a2e828e08,Salomé,Lowndsbrough,683-427-9384,klowndsbroughep@senate.gov,3/5/1973
db32e2b0-0fe4-443e-a5e3-b2c0ac205283,Håkan,Lammers,386-250-1561,mlammerseq@hostgator.com,9/27/1930
efa595be-e09c-4063-b7dc-4cc244392055,Audréanne,Arnet,994-591-5589,marneter@howstuffworks.com,9/23/1949
14f73872-ceef-41cc-9301-faa8329f9639,Börje,Credland,763-388-1621,mcredlandes@vkontakte.ru,1/30/1999
645b295c-c27f-481d-b823-5fee7d53c16f,Mélia,Newton,302-653-4573,lnewtonet@deviantart.com,11/21/1975
686e1b42-2418-471c-975b-dd02f4aeb5e2,Marie-ève,Josipovic,829-637-9104,cjosipoviceu@merriam-webster.com,9/19/2003
4100c7cf-33fb-459a-8af1-a35d7c41619e,Eléonore,Provost,393-707-7378,fprovostev@theglobeandmail.com,11/14/1960
b2a4ebf5-f4c4-4f14-b55d-3e40bfeb89e2,Pål,Blencowe,380-355-1539,jblencoweew@discuz.net,3/23/1943
b5b8972a-d58f-4712-8942-0eb8dbd7f0ed,Sòng,Sellan,745-409-5469,esellanex@yahoo.com,11/22/1970
f8360e94-48e7-460d-a95d-18a8695adea7,Inès,Oliveira,713-441-1864,loliveiraey@blog.com,1/27/1961
f522488a-ec4e-4248-a461-ff14139b4a65,Andréanne,Rippen,871-239-8495,wrippenez@jalbum.net,9/5/1930
c1ebf742-ce8e-4e78-a45c-15d46306077c,Bérangère,Laflin,521-493-7816,slaflinf0@abc.net.au,4/4/1939
561de126-a5fe-40f6-8060-cc427dd3c922,Lorène,Abyss,736-640-2353,eabyssf1@umich.edu,6/6/1926
f7d63007-7fe8-440e-a59a-676b5db14699,Léane,Martinot,770-335-3010,amartinotf2@tiny.cc,8/17/1978
dbcbbcfa-074d-491c-8cc2-9135d58905dc,Andréanne,Dollimore,107-249-1933,adollimoref3@friendfeed.com,10/29/1983
afb641bf-48da-4125-8da6-f007dd1dd407,Almérinda,Stott,405-109-9373,mstottf4@sbwire.com,1/26/1958
90e87310-c5c9-4db5-83f8-30902d7ac64a,Zoé,O'Rourke,498-821-0905,morourkef5@clickbank.net,6/21/1983
2d1e38ec-d693-4f0a-97c0-276f620f3478,Maëlle,Whetnall,569-866-7163,wwhetnallf6@nyu.edu,6/19/1932
64888d68-f452-443b-9d22-6bf3689fd421,Solène,La Padula,401-194-7044,mlapadulaf7@mediafire.com,12/23/1940
90dd5b2e-62dd-453a-af48-35d87e76496c,Estève,Kimbell,425-577-7501,kkimbellf8@dropbox.com,7/7/2005
9188e208-d624-4e92-8d98-648af78d2065,Renée,Kniveton,604-399-5794,rknivetonf9@ted.com,4/27/1960
0a697579-3ad8-4736-a979-bb07f7417c37,Réjane,Verna,304-476-1661,jvernafa@kickstarter.com,10/7/1924
ff8b952a-b96b-4c89-a2d3-e1f6d425fd55,Léane,Leas,559-763-5640,kleasfb@youku.com,12/8/1928
041363c8-bc01-4d55-ac4b-26da39339470,Dorothée,Dillingham,562-574-7375,kdillinghamfc@nyu.edu,10/17/1937
51afe5b7-9675-45cb-b1c2-a6dc5f2a888c,Eléa,Chazerand,180-286-7107,dchazerandfd@slideshare.net,1/5/1949
569a54a3-506c-44bd-a892-22561dc1deb2,Célia,Worsom,517-671-3890,gworsomfe@joomla.org,4/24/1973
8bb6d147-3c52-4245-83cc-2a08ca4c623b,Uò,MacMeeking,379-176-2750,vmacmeekingff@hibu.com,3/12/1922
a2ddeea6-8354-4f0b-bfce-882ffea5128c,Gaëlle,Cumberland,958-202-9704,ncumberlandfg@intel.com,8/29/1921
6b041364-b647-4cff-9935-894b26d06204,Angèle,Truelock,405-755-1255,mtruelockfh@guardian.co.uk,6/25/1951
2ee9ea7a-2966-40a1-9784-e0c5a6f296b0,Cinéma,De Biasi,500-521-4042,ldebiasifi@abc.net.au,2/22/1922
4dcfad10-0aa0-4804-8a4d-30032cae9983,Cléopatre,Stopher,116-526-3112,cstopherfj@studiopress.com,6/14/1922
72bb33b5-e3cd-4c5a-a216-453c08b77192,Gwenaëlle,Coleby,910-585-9292,ccolebyfk@wp.com,10/14/1943
e49aa84e-e6e2-49ce-8c72-ac407ba4eea1,Danièle,Ullrich,741-347-3290,cullrichfl@reference.com,3/17/1981
a66e4142-7537-4321-b341-f506490d9f0f,Cunégonde,Girtin,645-814-7127,dgirtinfm@ebay.com,1/11/1922
0f9269b8-1ab7-4e8a-8aca-d984f117c36e,Tú,McCreery,915-780-2117,smccreeryfn@uol.com.br,9/13/1940
158d939b-c248-43d3-9884-7cd259c29fcb,Loïca,Egle of Germany,784-769-8039,jegleofgermanyfo@google.co.uk,10/4/1953
49b50c18-06fe-4c8a-b120-e671e7e38a79,Vénus,Ludron,568-315-2832,gludronfp@sohu.com,10/12/1952
cd2d6ef2-ff7c-4234-bb9c-e2e60885e3a0,Ruì,Doget,962-719-6455,rdogetfq@dropbox.com,1/5/1993
83bdbbb8-0bf8-44ea-a320-4c9c0c7301dd,Yáo,Ryott,690-227-8368,bryottfr@hubpages.com,5/15/1948
c17c2e5b-06fb-46c0-807c-919a3da5c4ce,Desirée,Silverthorne,418-742-6687,asilverthornefs@tripod.com,11/5/1953
185f0e0c-5e4b-4344-805e-561e76b0b907,Adélie,Currie,733-997-2665,jcurrieft@myspace.com,7/1/1955
b5fb2815-925f-45a2-87af-37b9f68cfc02,Nadège,Degli Antoni,943-608-1915,sdegliantonifu@unblog.fr,11/9/1976
007e8653-fe33-4b5a-839c-c5fdaffad023,Audréanne,Ayce,977-927-5202,saycefv@yellowpages.com,10/5/1926
c3810ac8-4cbc-439b-a470-72f9e07281d0,Intéressant,Rucklidge,149-613-3915,srucklidgefw@ning.com,4/12/2004
aaf303d3-b2de-4b63-853a-b65aa8476c39,Intéressant,Goldman,279-198-7738,mgoldmanfx@loc.gov,10/31/1973
24ddc846-1492-4be2-8e4c-27ef9a470b25,Anaëlle,Benbough,713-710-1324,obenboughfy@mapquest.com,10/23/1964
fd23d97c-fc30-4a9d-9324-cd4dd3f82e90,Loïca,Ector,174-415-1233,dectorfz@imageshack.us,11/10/1939
1ea8348e-3cf8-4fe8-a398-007cae96d63d,Dafnée,Harbar,939-608-7782,bharbarg0@about.com,2/21/1984
36126ea9-5f00-44c2-b6a7-141e6da5378b,Naéva,McGlew,415-908-0608,tmcglewg1@cloudflare.com,3/4/1969
670afa43-9a46-4d6e-ad18-1f92a3d6ef55,Réjane,Greenrodd,182-799-8054,mgreenroddg2@smh.com.au,11/4/1987
c9a6063e-336a-4b37-a0f8-c584f010484d,Eugénie,Drewell,300-648-3449,mdrewellg3@de.vu,2/26/1998
2442b270-0e13-4494-bbe0-f84876a7a006,Ruò,O'Brien,580-303-0006,mobrieng4@army.mil,11/14/1982
3605039e-fbf0-4173-8a5b-6dcd6eb75c3b,Léonie,Vanelli,276-573-1558,hvanellig5@cpanel.net,10/4/1961
8d60e162-412f-408e-a1d8-1a19a87a8752,Méline,Crampsey,866-704-3041,ecrampseyg6@pcworld.com,11/29/1989
17e9dc74-dcc6-4d86-83fb-51ccf948376c,Véronique,Jedrzejewski,155-852-0003,hjedrzejewskig7@tamu.edu,6/19/1969
7217d12d-2a03-44e9-a86a-1228ed80b2b8,Ráo,Chiplin,837-571-4009,achipling8@fc2.com,7/22/1942
31146974-1242-45ff-ae94-83c9033167c4,Mélinda,Rainsdon,907-140-8065,prainsdong9@prlog.org,8/6/1987
4a7ef72d-218b-4894-8f34-5db5f1d2bab1,Kù,Potkin,203-886-4869,apotkinga@microsoft.com,12/30/1925
2d0d4d46-7bc8-447f-a967-2655ee6b0555,Marie-ève,MacShirie,691-977-3093,bmacshiriegb@godaddy.com,3/12/1997
61d3ff67-7b87-4d84-9dc2-bad8cd6940d3,Stéphanie,Darlington,519-531-0458,cdarlingtongc@nhs.uk,9/2/1941
13d91ece-d88e-450d-9a9f-320d3dd91448,Méng,Arzu,345-431-3482,aarzugd@nbcnews.com,1/28/1959
1a31d645-a3bb-40b1-abd0-e5172c89f558,Amélie,Lezemere,962-148-0944,slezemerege@microsoft.com,4/8/1990
7a0a4e27-6904-414a-90cb-4990f7ba0950,Inès,Petroselli,805-251-1174,lpetroselligf@ucoz.ru,8/9/1937
95f69508-64ac-4d9e-8421-993f62bb381c,Séréna,Smalcombe,183-882-6895,gsmalcombegg@upenn.edu,11/11/1950
5f7c523d-9bbf-48de-93ab-3dfdea808317,Nélie,Schouthede,199-625-2978,mschouthedegh@businesswire.com,8/13/1987
298ed955-d630-42de-92a1-096be69fd5f1,Naëlle,MacGregor,213-415-5112,vmacgregorgi@nbcnews.com,10/17/1948
c5ebad36-b9b8-4a13-af0c-578ea0d350db,Océane,Galsworthy,245-495-3220,bgalsworthygj@facebook.com,2/8/1944
b2fc046e-2872-4434-8189-5384b09cb59b,Clémentine,Ivanenko,111-726-2443,nivanenkogk@ucoz.ru,7/26/1931
6fed027b-86a0-4858-930e-3507bc6f5100,Yáo,Strettell,693-180-2457,cstrettellgl@t-online.de,10/4/1937
3e096514-f613-4825-be32-d829be349a7c,André,Chavey,262-629-9809,bchaveygm@1688.com,3/29/1986
e541a46a-3812-4b2c-a45e-7095bc6c3020,Görel,Lemasney,943-397-1189,rlemasneygn@usa.gov,4/7/1935
4bdeba62-57f1-486e-be98-e9623e28594d,Börje,Leason,330-153-2781,pleasongo@ustream.tv,3/12/1959
71ef8839-76d4-4491-98be-77b09bd4c7f5,Yáo,Paulig,762-255-7523,mpauliggp@mozilla.com,9/26/1961
a39a2314-b6fb-4e38-958e-7bd47f3815e6,Maïlis,Pollock,277-759-8209,cpollockgq@amazon.com,8/17/1965
2e98d193-0a45-4f14-ae75-a60184ecba7a,Régine,Vasyukhin,552-585-0011,avasyukhingr@privacy.gov.au,2/25/1976
11ae4873-fe1f-4e1a-9d08-63148db6899a,Clémentine,Calder,615-324-7581,ccaldergs@thetimes.co.uk,12/12/1920
8892de7d-9c41-46da-ac9f-d43086279ef2,Lorène,Wickson,536-371-1320,ewicksongt@slashdot.org,7/31/1946
05dfbe2e-dadf-475d-87c4-9ee6c3d158db,Océanne,Kinnar,437-506-9980,bkinnargu@msu.edu,11/26/1959
df63b5a4-de0e-4f99-8f6f-87cd0c793838,Fèi,Blaasch,878-723-2693,gblaaschgv@bbb.org,6/18/2003
c2ccb568-87dd-40b3-916b-9bb32941243f,Danièle,Goggin,163-429-5965,rgoggingw@netvibes.com,7/1/1976
fc725a6d-041d-4220-87b8-0c789c2c7659,Marie-thérèse,Illyes,463-674-2169,lillyesgx@go.com,9/1/1980
03a386c9-438d-4b72-a271-1d30c034b6ad,Kuí,Sailor,497-705-5211,wsailorgy@fotki.com,2/22/1927
474c5ab0-3e4b-426f-9efb-b0c8c4c777d5,Miléna,Seville,450-157-6824,fsevillegz@oaic.gov.au,1/25/1969
25612f8c-0d3d-4120-8860-8b0dd26e4d35,Gisèle,Ivetts,828-477-6197,livettsh0@narod.ru,4/1/1953
a3cb2542-57cf-4686-9dcc-bd342707633a,Kù,Ambroisin,559-400-3139,eambroisinh1@twitpic.com,9/25/1957
079584c7-f426-4785-b390-0af7cca296ab,Gaëlle,Lehr,698-286-0354,alehrh2@sourceforge.net,12/30/1963
d3f15a27-d221-448d-b5ae-b3d46d631788,Yóu,Bakhrushkin,132-437-1140,ibakhrushkinh3@multiply.com,5/19/1967
51ecda9d-e103-4bda-b727-b83c42706964,Pénélope,Matuska,734-777-7139,mmatuskah4@list-manage.com,2/24/1949
d6d54908-28bf-4e0f-9dda-d8fba70ab6b2,Åsa,Eccleshall,365-562-7205,deccleshallh5@webnode.com,6/14/1941
707e0ee7-9e09-4844-820a-b3c145094419,Géraldine,Vinck,971-496-3236,rvinckh6@va.gov,11/16/1924
be903c41-5332-45a9-ad6f-a456a8141755,Lén,Kingdom,418-814-1032,skingdomh7@dropbox.com,9/11/1943
d210b4e3-2415-4ee0-a1e3-5550538322ad,Almérinda,Ure,135-663-6447,wureh8@taobao.com,2/1/1992
c390c058-b957-43a3-b5a9-2e5f058547bb,Léa,Woollends,127-354-9267,pwoollendsh9@senate.gov,1/19/1956
54595c9b-34b2-4f1a-adb3-2ac7e15dd386,Maëlla,Lantuff,564-708-9617,klantuffha@nifty.com,3/14/1976
3f7d7da4-2103-4924-82a8-6d0feef73ce4,Josée,Doley,769-546-8056,kdoleyhb@hostgator.com,7/30/1933
3932a93a-7cec-4b2e-a675-b0f4058fba7f,Cinéma,Georghiou,236-887-6007,egeorghiouhc@tmall.com,10/9/1946
ca908254-e4a8-48de-9df1-423e725a3dc6,Marie-françoise,Toller,938-411-2309,jtollerhd@cmu.edu,2/16/2003
40476e29-680f-4e68-b597-96f322b2e3d8,Tán,Dallimare,235-414-5364,hdallimarehe@dropbox.com,9/16/1949
3dd3ebc7-ea7b-418b-b62e-3719fa5237a3,Personnalisée,Hoston,573-644-4786,ahostonhf@newsvine.com,9/12/1945
6fd5a467-f408-4579-b749-b5d70f6eed70,André,Livezey,720-451-5556,wlivezeyhg@lycos.com,4/2/2004
3253f26f-7dc7-46cf-868a-074d3ed77a2b,Joséphine,Gosson,674-651-9461,vgossonhh@independent.co.uk,12/16/1946
94ea6857-0a22-4db3-8fc7-24983bdf7273,Aurélie,Petrol,690-618-0232,rpetrolhi@salon.com,6/13/1983
b86db9a5-ea53-4b78-9c39-f53a9d51d29e,Lyséa,Costelow,759-771-5508,vcostelowhj@comcast.net,12/11/2000
b927476e-577d-4311-b30f-8b3b274724c5,Kévina,MacNeillie,185-940-2241,dmacneilliehk@mtv.com,6/21/1947
20e8f92b-3d08-451b-9069-cc5a17828cb8,Gaétane,Elverston,272-264-8583,velverstonhl@studiopress.com,10/8/2001
21e81ea0-6d90-4fbc-9355-d53b7ff5df4a,Bérénice,Billo,856-568-9518,sbillohm@bloomberg.com,2/23/1939
c1ab97a5-80d4-4a6a-9410-eda8a3408f08,Bécassine,Rozycki,671-154-2409,rrozyckihn@amazon.co.jp,6/6/1932
e3816af0-2e63-4a2a-b881-82def6e212c6,Bérangère,Tattersall,530-973-4003,dtattersallho@delicious.com,4/22/1994
2da53e3c-de60-42b5-870a-585f060c4bf5,Aí,Bleakley,917-525-6652,wbleakleyhp@intel.com,11/30/1924
a5589f1c-2255-4eea-b68e-0db5352cbf70,Eliès,Gilders,665-794-6199,lgildershq@sourceforge.net,2/19/1983
cdb6e2c8-0ce8-439f-9e5a-cb848b6b633c,Görel,Tolumello,534-114-0417,ttolumellohr@tumblr.com,1/7/1946
93622864-f0d0-4a14-8f7f-7bf742b9aaa3,Aurélie,Gonnelly,737-764-6736,rgonnellyhs@smh.com.au,3/16/1927
d4ee5e26-66c3-4fc4-975a-97e503263eb9,Maëlann,Christou,235-736-0718,hchristouht@statcounter.com,9/15/1938
bf120805-3a58-4dc5-bcc1-a486cdc80af6,Clémence,Meighan,673-987-0917,wmeighanhu@wikispaces.com,5/29/1990
5b274dbc-263d-42e9-9c6e-5ed9a4307b35,Réservés,Duling,188-551-7964,edulinghv@answers.com,2/2/1982
b227ffa2-2b2a-483b-a8e7-187b1a88a0e1,Maïly,Maddern,709-132-7131,cmaddernhw@howstuffworks.com,5/10/1934
9d62b6e1-164b-444a-9fc9-8b701e87930f,Méline,Fewkes,517-874-2906,lfewkeshx@lulu.com,4/7/1967
503f6681-b02d-4f31-af5d-7440b946d5af,Cinéma,Accum,393-438-9657,jaccumhy@google.cn,7/5/1927
459703e0-8b34-4b87-bdb1-89601a61cc43,Noémie,McCardle,990-170-7589,smccardlehz@shutterfly.com,1/18/1965
6194ad35-64ca-4234-8dae-d5eabfa66c05,Åslög,Gorling,276-544-0644,dgorlingi0@digg.com,12/4/1942
2539f544-b4ea-4f34-9b5f-9d679d8d08b3,Méline,Slixby,910-534-0805,gslixbyi1@clickbank.net,4/25/1983
2becda06-b6ed-4e8b-ae14-6b6168d92ad7,Yè,Fearney,725-444-6732,afearneyi2@abc.net.au,9/11/1979
eef936b3-6027-4ea7-aa0e-f557c0291b4e,Athéna,Dolling,906-918-3646,fdollingi3@timesonline.co.uk,6/16/1932
0e3d630b-2fc0-4054-abb2-56a0fba30271,Marie-josée,Losel,896-174-7454,bloseli4@sun.com,3/12/1995
3b4e0ef8-76a7-4d1c-9b42-8c3005fc8586,Thérèse,Pickersail,577-334-2517,gpickersaili5@flickr.com,7/20/1932
7003bb88-f334-4db9-9a0f-6c9039e4345a,Eléa,Nickolls,393-941-8761,dnickollsi6@nyu.edu,1/3/1940
753d4adf-f1b6-4f93-a093-0ad98e2eae78,Anaïs,Reiglar,294-331-9949,wreiglari7@edublogs.org,7/25/1949
c5c56765-6b73-472f-93ec-a33f10f67eb0,Andrée,Dorkins,287-993-4951,jdorkinsi8@goo.ne.jp,10/2/1935
22f049ce-00b9-489c-888d-048e0b12f3d3,Eléonore,Whordley,507-146-3674,swhordleyi9@fc2.com,6/6/1937
1e4bc8b7-d6aa-489d-85a6-5e233d81ea17,Maéna,Ackrill,727-502-9947,kackrillia@latimes.com,5/14/1950
ddb071d4-65b1-4aa1-bdcb-f3ed83c83249,Börje,Niche,256-933-3671,pnicheib@cnet.com,10/21/1935
2bedb6f6-03ac-4f37-8cb6-9b1ffed8286c,Marie-françoise,Coate,749-627-0961,ncoateic@cocolog-nifty.com,2/5/1979
e8b2bdc7-7746-43e6-b3e6-c03ce0ad6eac,Faîtes,Canby,229-543-4624,ocanbyid@ftc.gov,6/4/1945
78269afb-8977-4281-8e9c-076ef8124d41,Félicie,Belleny,374-660-1375,jbellenyie@twitpic.com,2/17/1949
efc7d668-bb3e-46d7-ba9f-70bd0700a1a6,Kallisté,Shout,766-337-9289,hshoutif@webnode.com,9/26/1970
26610fd3-461f-4cc8-872f-394dc6eb950d,Marylène,Wallice,813-469-5966,fwalliceig@vkontakte.ru,6/27/2002
7bceb4ed-6f54-4ca4-8e43-8eded5d0d3ea,Méthode,Cowle,297-614-8082,jcowleih@narod.ru,3/10/1986
6ff83e3d-1183-42c6-ab0b-c218a82c5f52,Marie-hélène,Iwanicki,952-285-6856,eiwanickiii@csmonitor.com,11/5/1941
3da316b3-2042-40ba-82c5-768f2f5dc666,Méline,Fireman,298-516-3151,gfiremanij@quantcast.com,7/14/1957
a1161aa7-f3a2-4ff6-825b-372cbc106c2f,Dà,Weben,337-470-5359,vwebenik@psu.edu,12/3/1921
0dccb5aa-0e7c-4537-8086-65fc6ef98a08,Adèle,Caudrey,227-911-9529,acaudreyil@studiopress.com,11/30/1925
f080e8d2-6804-4c12-bc70-f2fe8b7873e1,Stéphanie,Yandle,135-765-2568,pyandleim@upenn.edu,1/31/1996
88cf9ad8-1035-4b9d-8c2d-b2dea9028200,Camélia,Shelsher,899-988-7966,dshelsherin@wiley.com,2/16/1996
9e4c8c49-bc91-40c8-8585-013e7d21562f,Björn,Elsy,772-380-0039,selsyio@patch.com,8/1/1965
b821a445-fec9-4a62-997e-495eed93cf36,Chloé,Rawle,875-411-3993,arawleip@myspace.com,3/15/1990
552e3355-d103-424b-8adb-57108e9c7e32,Léa,Ciubutaro,951-917-8150,dciubutaroiq@buzzfeed.com,2/18/1927
9516e32b-3141-4ecc-a16b-620c4fcefa08,Nadège,Allaker,425-175-8791,callakerir@nyu.edu,2/22/1969
f2b0a8d5-d349-46e3-8429-be42eef420fb,Åsa,Woolatt,208-149-5514,lwoolattis@miibeian.gov.cn,1/1/1944
6f5fc82c-dd74-4682-be9a-318c85c238fc,Mélia,Aronstam,119-355-2666,karonstamit@photobucket.com,5/22/1941
11eec063-0e63-42e3-8562-af46bcf6d56e,Wá,Potier,590-151-5557,vpotieriu@mac.com,4/9/1927
1f57d877-935c-4e3e-b1bd-a106ad06dab7,Ruì,Smedmoor,102-139-9604,esmedmooriv@xinhuanet.com,1/13/1979
1712c3a9-873b-4197-978f-652aeb8ab2a0,Daphnée,Freeborne,524-435-8766,bfreeborneiw@fc2.com,10/9/2000
b353befa-48f4-4a63-99e5-7ca5f6f4b37f,Séverine,Aloshechkin,673-678-3258,aaloshechkinix@mozilla.com,9/12/1946
013c7b58-03a3-4d48-a5ca-db529de67eba,Naëlle,Fretson,146-119-6867,rfretsoniy@newsvine.com,10/5/1992
53c5adc0-cc49-43d5-84e8-420f27760646,Desirée,Shapiro,765-804-7649,gshapiroiz@apache.org,4/3/1976
1a1780c1-7150-4b91-8afc-754649de4eef,Célia,Laurenzi,972-747-0473,tlaurenzij0@google.nl,4/28/1960
b2ed2d74-9178-4698-99f8-51264c4c47cd,Thérèsa,Riep,528-592-4058,vriepj1@google.com.br,11/15/1921
e0f956d4-2a0a-4bd3-9009-3ac323ab7c46,Inès,Peascod,851-960-4881,kpeascodj2@chron.com,11/10/1939
f5c2de49-bea9-4238-ad96-5fb31588e4bc,Yè,Maggorini,924-184-5262,imaggorinij3@examiner.com,4/27/1969
24c9ed04-d69c-409f-a405-e9fc41da8208,Adèle,Rash,970-192-9139,srashj4@canalblog.com,5/9/1943
3fe0d21a-871b-4799-981f-1d1709c89ac0,Ruì,Critten,894-692-5374,ocrittenj5@chronoengine.com,4/1/1939
709fc1c2-fe8a-4723-ba67-410cca1bd81f,Mélinda,Ainsbury,651-469-0759,hainsburyj6@virginia.edu,8/23/1936
b3b40e06-602c-4d7d-bac4-4a825f6e0ea4,Mén,Huet,426-910-8927,chuetj7@hugedomains.com,5/28/1966
44ede783-0a28-46ff-a6c3-60b0d9507d97,Irène,Habbert,632-232-8249,thabbertj8@army.mil,5/28/1957
118ef92d-2925-4180-80fe-d9a66f998ed7,Gwenaëlle,Scholl,936-623-2418,fschollj9@tuttocitta.it,6/5/1928
b4f9809b-a459-4bb0-9e0e-db4a59fe110e,Michèle,Oughtright,696-337-2762,joughtrightja@odnoklassniki.ru,5/27/1948
045287e0-9ef0-4219-ad4f-6be49142d3c5,Yóu,Balazin,546-704-8718,kbalazinjb@flavors.me,7/23/1934
a3b633f1-5ccc-45f7-acd6-e90a95ef7f62,Erwéi,Mewes,207-979-3081,dmewesjc@army.mil,12/21/1936
b3e80925-cfce-44eb-8bc3-fa562fca81c7,Uò,Dellenbrook,192-945-1377,rdellenbrookjd@ft.com,10/31/1984
e0b19612-0b0f-486a-b2cf-ff577efbcafb,Tú,Murdy,244-690-5760,mmurdyje@wisc.edu,12/4/2004
6eccdd47-ed02-47f2-ac29-91b599ee8132,Gérald,Spilstead,480-920-5752,mspilsteadjf@mapquest.com,8/30/1986
22fb6021-15e4-454f-8992-b5228c7c3b09,Håkan,Boston,724-932-8771,lbostonjg@auda.org.au,2/16/1926
50c2602e-febe-4365-a58e-386879883e23,Cécilia,Guerra,616-907-6089,kguerrajh@yale.edu,9/6/1948
c9e558ad-bf5c-4d1b-8511-9752e0b7aef2,Dù,Budibent,468-292-8934,bbudibentji@independent.co.uk,8/17/1928
08d03d76-70dc-404b-a83a-eb9b9ca5af95,Naéva,Ings,834-713-5186,cingsjj@economist.com,12/26/1946
3d56045d-61c7-47e6-a53d-7d6c17e3983d,Eliès,Puzey,809-955-5143,bpuzeyjk@yolasite.com,10/10/2005
d86fffd9-6407-4d43-943f-f00f3d38be04,Cléa,Tonry,866-101-6120,ntonryjl@unc.edu,2/17/1926
a15b4e54-39dd-4c70-bc85-d0e9f7f45140,Médiamass,Kirman,774-686-8516,dkirmanjm@wordpress.com,1/22/1969
fdda1633-f80b-4287-8620-57c63d84cbad,Tán,Mc Comb,125-246-8984,mmccombjn@chicagotribune.com,6/14/1984
ff43bad3-3df2-475c-b120-e4a74ed6a9aa,Félicie,Vannucci,949-715-1746,ovannuccijo@usa.gov,12/23/1983
ee704242-5489-4999-9953-600d4a00f1db,Félicie,Goodinson,885-561-9865,cgoodinsonjp@ebay.co.uk,11/13/1953
aca62b94-5d51-4dc7-a3f7-7bc16bf171d7,Véronique,Du Plantier,117-255-8248,hduplantierjq@google.ru,2/7/1953
248891b6-22bf-4da6-a3b2-1dd2f4b715cc,Zhì,Longworthy,328-917-2730,alongworthyjr@dmoz.org,3/6/1924
989e29b3-723e-4f76-bad1-01973f42aad5,Clémence,Bracco,786-272-3216,nbraccojs@adobe.com,12/6/1976
87da9208-3252-4f54-be24-b4fbeaf9a1bb,Jú,Bastable,374-359-1311,mbastablejt@mayoclinic.com,6/25/1952
e210ba8f-2df7-40d5-a60b-df6245ceeb92,Pål,Garretson,554-984-6567,tgarretsonju@clickbank.net,6/26/1959
3cf8ddf8-9e51-42bd-979e-bff7098061e8,Måns,Gettins,812-405-6450,lgettinsjv@sogou.com,9/7/1947
84ddf18d-eb25-4dcb-90ab-37aabecf2574,Béatrice,Curtin,544-122-9629,rcurtinjw@skyrock.com,11/18/1956
4189b49b-fc3a-40d5-bc70-f0a7e1d2827e,Mélia,Dagworthy,944-751-9968,ddagworthyjx@reverbnation.com,10/20/1935
25fb42f7-7923-4a5d-aa6f-07aebf838e06,Annotés,Gerb,673-435-3953,cgerbjy@google.de,8/22/1950
bd733265-b93c-4484-8b71-82c8e320e6ed,Gaëlle,Camsey,223-990-1239,scamseyjz@howstuffworks.com,12/26/1924
3d52b652-c0dd-4f56-a0d8-5a7465c6374c,Athéna,Wetherell,240-985-3695,swetherellk0@jigsy.com,3/17/1923
7886becb-0f40-4fdf-9e1d-971a03c51429,Célia,Duckinfield,676-527-0782,jduckinfieldk1@narod.ru,2/21/1977
81646573-0e6a-455a-9c13-d155cb597e4f,Zoé,Maudson,600-724-4324,mmaudsonk2@alibaba.com,5/23/1927
b3b2752c-5bb4-4576-8f9d-2a3f0e7d9bea,Maïté,Boocock,391-746-7154,pboocockk3@google.de,4/7/1924
72d4820a-c986-4837-bb63-cf6f961081ff,Yáo,Hurran,491-507-4823,whurrank4@newyorker.com,10/1/1998
148f8040-fc08-4727-99b9-42ebc6d7654e,Ophélie,Iczokvitz,514-131-0941,eiczokvitzk5@networkadvertising.org,9/15/1955
da8cc182-2b0f-40fa-a3c1-8bfebcf69b35,Clélia,Sepey,336-144-3882,fsepeyk6@github.io,2/8/1977
7e7e98a4-bdb7-494a-b44c-77c1ec03e830,Rébecca,Manston,120-420-3806,dmanstonk7@woothemes.com,8/26/1929
c6c6b21a-438a-4976-ab7c-3073d5a7192f,Alizée,McFaul,215-304-6868,emcfaulk8@wix.com,2/28/1950
142e614a-6a42-40b6-8976-f5059417b724,Frédérique,Crankshaw,195-961-8420,mcrankshawk9@meetup.com,6/3/1989
a66805ea-8a8e-4018-8bb5-9d3c729cd343,Réjane,Scoggan,814-451-2799,rscogganka@merriam-webster.com,5/14/1977
9a45f14d-1347-4b65-9703-5c620e2afde4,Salomé,Bodesson,401-610-2980,jbodessonkb@buzzfeed.com,9/1/2002
87f780f5-89ca-44a1-90a3-816a9095389b,Kallisté,Jolly,345-452-9054,mjollykc@google.com.br,12/7/1940
f29d8bb9-0c70-49c1-9c44-ccdcb8ac440f,Faîtes,McSperrin,980-609-5643,cmcsperrinkd@123-reg.co.uk,5/11/1978
52ab6a83-98d2-4fd3-9c59-d90c6873d964,Océanne,Demeza,344-833-1756,sdemezake@nymag.com,7/6/1989
491830a8-987d-4ce5-9e01-cd3419a2ae4b,Ráo,Hurdwell,734-677-2302,fhurdwellkf@dot.gov,10/25/1974
7516792e-0a20-453b-bc19-07c8b21ca7e2,Yú,Londesborough,110-185-0667,rlondesboroughkg@state.tx.us,5/29/1953
f7f3fc62-d042-4a3e-8d47-d94f3d2cf463,Noémie,Macauley,496-147-1751,pmacauleykh@t-online.de,5/23/1948
12974e4b-be54-45a8-b1da-6bf1a7ff5207,Néhémie,Farraway,398-112-7417,pfarrawayki@wikia.com,5/24/1922
19dde89a-fc19-4c28-b29f-0b7a3b53ada5,Félicie,Bollon,587-241-4684,abollonkj@goo.gl,2/20/1943
5f02a2ae-fb22-4894-a5f4-67a1aeeaaf02,Yóu,Francie,379-475-6150,gfranciekk@indiegogo.com,12/14/1936
8540446f-5f47-4b37-8aa7-879e2300595a,Mårten,Roddy,661-465-8554,kroddykl@issuu.com,8/27/2003
0612720c-8ce7-4e69-9d58-c3c2b08c6e79,Daphnée,Odo,125-185-9072,nodokm@sbwire.com,3/11/1955
447c0d83-1ac8-4669-ab8c-cfa97b7f25b5,Mélanie,Chattey,477-700-6730,kchatteykn@buzzfeed.com,6/22/2002
e3610092-e3f7-4ccb-b283-bdcd9dd99587,Åslög,MacCrackan,778-683-3771,jmaccrackanko@archive.org,8/24/1941
fbd538e0-714e-4deb-a29e-6392c3db65ab,Lén,Pask,849-103-5520,lpaskkp@state.gov,7/28/2001
2367335f-83fd-4fab-a1ef-b32fa3500525,Táng,Ruddick,110-906-7073,hruddickkq@nasa.gov,6/7/1921
f7096c48-0c93-4451-86fc-cab6f56e3359,Adélie,Woodgate,758-251-6722,twoodgatekr@liveinternet.ru,12/7/1942
29849140-a976-4828-9b48-daad9599d802,Bérengère,Skilton,769-896-5178,sskiltonks@usa.gov,12/10/1954
4175e84e-6b26-4d7b-b5fb-27b6ca398138,Léonie,Houlahan,758-628-7233,dhoulahankt@dedecms.com,5/16/1988
4d718e83-69c3-4f71-b96e-9a61a9ba0f08,Thérèse,Arter,865-123-0675,aarterku@usnews.com,11/8/2004
28271824-1c00-465b-8020-75720f7f2f91,Torbjörn,Legging,629-484-9539,tleggingkv@last.fm,2/28/1949
34478d2f-2b6e-4b63-80ed-1e672ce85586,Estée,Dible,502-339-2364,ndiblekw@cisco.com,6/12/1971
7ded45a5-05f1-48a3-b310-bf6b4d7a9fc2,Gisèle,Gonzalez,851-383-2394,bgonzalezkx@ustream.tv,4/10/1991
3daa0462-4eae-437a-9782-9d94dd818f23,Athéna,Riolfi,308-314-8963,jriolfiky@reddit.com,2/7/1923
96d8f70c-3009-4b72-9fd1-3b9a9ec537c9,Maïté,Stonhard,764-950-4100,kstonhardkz@nifty.com,8/28/1934
90ac9f07-08cf-4819-b8e6-2210d79556cd,Torbjörn,Salvidge,492-685-8296,esalvidgel0@cafepress.com,12/17/1936
ed4ff868-23b2-4cb9-bbb9-8789b5ce63d2,Nuó,McIlveen,265-199-8183,gmcilveenl1@joomla.org,5/21/1972
be1567dd-9213-4962-9be6-5f98a870078f,Tán,Paula,132-600-1675,fpaulal2@example.com,1/20/1951
1e5aac70-827b-45c7-b7f8-087eb378c8d3,Léa,Cristofanini,844-686-4666,lcristofaninil3@vk.com,2/25/1943
870cccb7-5a9a-43b8-b720-c2924ab9711f,Ruì,Pettersen,387-923-2630,fpettersenl4@hud.gov,10/8/1938
6edbf779-3c87-41be-beb8-7c246ad57eec,Cunégonde,Debney,805-672-9003,kdebneyl5@parallels.com,9/16/1990
9c3dc870-49a5-4120-a831-255aae6c974a,Yú,Cuttles,523-801-1606,rcuttlesl6@ed.gov,8/25/1955
5e44d342-b2ee-4604-93cd-605360b49115,Aimée,Wixey,524-384-4221,fwixeyl7@zimbio.com,4/23/1953
65f7e178-7dee-4518-93b8-a1bdedbc0cbb,Publicité,Coleshill,313-805-6538,ecoleshilll8@scientificamerican.com,11/14/1947
322446e9-f69c-40db-aa94-ae464be4decc,Bénédicte,Fernando,212-582-1413,ifernandol9@over-blog.com,10/1/1974
7f5bb692-0e14-481c-9b75-f8470b7f4d10,Sélène,Jamme,237-486-0781,gjammela@marketwatch.com,11/2/2002
f0e5b560-e2eb-4af1-b84c-62f40f7b2ce1,Jú,Aronovich,155-283-8506,maronovichlb@rediff.com,11/2/1994
fe8be96a-4e91-48fb-9f0d-f485c6776b76,Salomé,Hardison,158-857-9377,dhardisonlc@mit.edu,4/27/1996
e60deee3-f58f-4353-bb6f-369bd9b01ae7,Ruò,Vasenin,139-110-3481,dvaseninld@macromedia.com,1/20/1921
2de044a0-8380-4adb-bb66-a25a5561f14b,Publicité,Reggiani,177-894-9774,freggianile@artisteer.com,8/12/1988
f81a25e8-eff1-4513-a62e-5dc46e6b0707,Léane,O'Loughnan,451-522-5160,noloughnanlf@histats.com,6/29/1927
9a35487c-2ea5-4e7f-88af-75708a64989d,Mélissandre,Buchan,718-637-1898,obuchanlg@ameblo.jp,10/29/2000
fc710c95-7114-4975-b811-0ab7499c8ce7,Erwéi,Conquer,621-215-0225,bconquerlh@rakuten.co.jp,7/9/1941
3a701c4f-2488-47be-8194-fe0e0b41fd30,Marie-hélène,Breakey,766-877-8767,wbreakeyli@eepurl.com,4/6/1941
21cb1b72-6a62-436d-8968-b5c860ee3746,Laurène,Dossit,267-782-1853,wdossitlj@deliciousdays.com,12/10/2003
5624b3cf-570a-4825-893f-8870837a2087,Alizée,Harriagn,325-400-4340,rharriagnlk@miitbeian.gov.cn,10/11/1939
0bb86b38-06f0-48bd-830c-9d82a42a4c8e,Gaétane,Denerley,133-946-0579,adenerleyll@sogou.com,11/23/1944
5fbc1a31-5e61-4681-936b-f3df6a6410dd,Léana,Chamberlain,195-174-8259,schamberlainlm@webmd.com,8/13/2000
99678661-5e80-473c-978a-e2b549b489cb,Léane,Innocenti,784-671-2700,linnocentiln@ebay.co.uk,5/9/1965
50ae6c01-332e-4b65-a84e-d234c63aafa7,Bérangère,Gronow,735-587-1695,tgronowlo@gizmodo.com,1/3/1979
d68d9835-ade7-4c0a-8a1e-62d4e3f5d644,Danièle,Wilshire,572-569-5138,awilshirelp@java.com,3/7/1945
84ec1b99-9df8-4957-8892-59e0a6d08a63,Bérangère,Hobell,245-965-1013,rhobelllq@w3.org,10/20/1964
0cae1f9d-ef71-472c-bf25-804b3088e0af,Séverine,Brounfield,335-554-2601,rbrounfieldlr@ow.ly,4/14/1946
aa678c1d-da6c-44a0-80b2-5da52a96342d,Céline,Meneghi,838-611-7646,bmeneghils@angelfire.com,6/10/1964
78e9b779-b76b-432f-9bde-daf74e9bc953,Tú,Tunaclift,184-664-9194,btunacliftlt@nih.gov,1/8/1956
621a78c7-1a8f-424a-b20f-8f76ff808382,Léane,MacKowle,350-746-7174,dmackowlelu@webnode.com,5/27/2000
fc80bfaf-295a-495f-8276-ca8924a57def,Lauréna,Ludford,598-675-1382,vludfordlv@hostgator.com,4/27/1925
cffa024e-2fd2-4bd9-8cd4-9e128f15f340,Publicité,Finlayson,390-982-9562,cfinlaysonlw@yolasite.com,5/11/1990
a4cdf736-8831-491b-abd6-be09f8a99c4b,Camélia,McIlherran,518-179-0888,cmcilherranlx@so-net.ne.jp,12/19/1982
500a5d8e-9d73-4ef7-a615-9ef481a7167e,Marie-ève,Osgar,527-468-6998,mosgarly@bandcamp.com,5/11/1932
6583b670-fb62-43fb-85a4-dbe529f9e164,Mélia,Heggadon,631-455-6429,zheggadonlz@over-blog.com,3/28/1974
836b6d67-36c0-4f2e-b0a0-f5c57fc3da2b,Loïca,Weiss,609-455-0279,aweissm0@uiuc.edu,4/4/1991
88f122e2-8988-4072-b7d7-0651afeec742,Méghane,MacLice,258-868-4886,jmaclicem1@boston.com,7/4/1968
12c36744-50cb-4291-a73d-c78175de7c5a,Chloé,Worsell,390-497-1131,cworsellm2@yahoo.co.jp,11/3/2000
156409d8-f574-4b05-87ec-4b291daf8c52,Aloïs,Izakov,427-101-3603,pizakovm3@woothemes.com,12/2/1969
9e9b276d-bf1e-442d-a99c-c9d10bf316a9,Liè,Loveguard,191-709-2464,lloveguardm4@google.es,9/22/1966
e8b04bd1-a53c-4163-ab85-c6be8d43126e,Yè,Allkins,388-265-3131,eallkinsm5@blogtalkradio.com,11/4/1925
7595b328-75a4-4aaf-b967-fd4bd939959c,Mahélie,Mac Giany,352-706-0862,wmacgianym6@nbcnews.com,3/28/1950
21842fe7-edd3-428e-b64e-aefaf0e6e8fa,Zoé,Lowre,427-644-3784,alowrem7@apache.org,2/4/1988
fa879a11-a3bc-423d-be72-b3717573352d,Laurène,Widmoor,283-268-7912,ywidmoorm8@about.me,10/23/1979
7c6f60fa-7332-414f-abcb-6bb06c51128b,Sòng,Reely,477-331-3207,ereelym9@elpais.com,3/20/1924
9abf774b-97db-47bf-b8ff-9efa8dbe73d0,Eliès,Maffiotti,564-681-2417,nmaffiottima@theglobeandmail.com,11/24/1932
85727f5b-c1a3-499c-ae52-5fdb91e100ab,Véronique,Tarte,718-110-0892,htartemb@prnewswire.com,5/7/1961
0be6b128-40e8-415e-b446-f3a2d09838b5,Kù,Allpress,838-817-3697,jallpressmc@gizmodo.com,9/28/1947
b7c6f46e-0f3f-4790-aa7a-c01e697011ef,Naëlle,Simmgen,480-919-0070,esimmgenmd@columbia.edu,7/12/1980
c5ea5afe-d7db-4211-b021-6ebaaf0ef647,Josée,Pagelsen,610-333-0481,lpagelsenme@nationalgeographic.com,4/6/1939
6cf38645-d78c-4bfb-a64a-574773c4bda1,Björn,Cordery,279-482-4662,pcorderymf@surveymonkey.com,6/16/2003
84b5a62d-b422-424e-a8f5-3d8a656e4924,Eloïse,Wisbey,804-201-9268,pwisbeymg@nsw.gov.au,9/28/1957
0d582642-2ad3-4b05-b493-4614a2590e1c,Gisèle,Corck,705-436-0402,icorckmh@microsoft.com,11/2/1923
7278d911-0e07-4b4c-a66b-ed42e9ee46e5,Rébecca,Trusty,644-563-2576,ctrustymi@icio.us,11/9/1927
729bb9b2-ae20-4a3a-bb34-3f42acab4169,Laurène,Corpe,357-998-3973,dcorpemj@soup.io,2/14/1938
e9d39522-cb94-4290-b777-62d38f6cb689,Stéphanie,Castelluzzi,226-384-5464,zcastelluzzimk@virginia.edu,1/5/1934
af78a75a-7929-4a22-95d5-1cb7fdfe2419,Uò,Ledbetter,168-924-0181,rledbetterml@reddit.com,5/21/1932
85d53cb5-0b93-498b-8599-ee68f4bda37d,Garçon,Meagh,862-460-6297,smeaghmm@pen.io,10/10/1921
5dfaf955-5953-42b1-8a6a-97f7365684e4,Léonie,Cawkill,773-471-9050,bcawkillmn@microsoft.com,10/19/1972
66016ef2-d554-4cd2-9c43-6556f6809e26,Cléa,Crackett,123-196-1339,mcrackettmo@theguardian.com,3/18/1968
5101c97a-a3dd-4511-87cf-b809c5346573,Marie-josée,Cranefield,695-554-5498,tcranefieldmp@nhs.uk,1/6/1975
50bb674b-1dc7-48d8-b357-52a0f6ce9988,Cléa,Birrane,423-333-9071,fbirranemq@biblegateway.com,3/4/2004
8fb80bbe-a021-4447-bd32-c3196f2b704d,Méghane,Heephy,296-633-0525,gheephymr@cbc.ca,6/10/1926
576fee75-8413-4045-8a2e-ab0a4a379cb4,Océane,Edon,370-106-3932,kedonms@ft.com,6/16/1980
be13a033-e86f-47b5-bbaf-576b50481558,Hélèna,Castelijn,753-251-9702,lcastelijnmt@artisteer.com,12/24/1930
95cd6eb8-2709-482c-a012-c957d223e58b,Dà,Condy,308-132-9835,lcondymu@purevolume.com,3/1/1989
4dc8a07c-3785-45cc-865b-d4672dc7ba84,André,Ceely,106-453-0410,dceelymv@newsvine.com,2/20/1950
5abba324-27ed-413b-b853-53466a9ca4ac,Mahélie,Ruddock,562-861-3310,eruddockmw@google.es,12/28/1953
9548789b-f77c-45f9-a499-4ad24e7b3d0a,Frédérique,Turfs,691-680-4955,zturfsmx@goo.ne.jp,8/3/1945
2d776adb-1fd4-4e32-89b2-330559981ae4,Erwéi,Grafom,243-246-4007,fgrafommy@photobucket.com,6/27/1931
dc76be3a-90fc-4299-8013-ce037afdd617,Cléopatre,Davio,362-227-6634,ddaviomz@joomla.org,3/4/1980
8f1318a8-563b-4c54-9fae-26e8c21af38e,Alizée,Ren,822-145-5361,nrenn0@unesco.org,1/29/1943
91947ea4-6982-457a-a993-eef0d5127e91,Annotés,Audrey,621-528-1659,kaudreyn1@google.com.hk,5/21/1942
2c3d024c-e318-4a22-92cd-dfdc06a0cd96,Renée,Winkworth,433-906-9641,iwinkworthn2@themeforest.net,11/25/1954
d310b3ae-9d0e-4b36-81ea-243a9674bba1,Ráo,Santori,778-269-3684,msantorin3@skype.com,9/4/2003
2b627526-231a-4b38-baa9-af4410ce0e7e,Zhì,Barber,585-688-3086,cbarbern4@rambler.ru,2/17/2001
1ee0df98-23af-495c-9d50-5d597c9236ef,Stéphanie,Trinder,471-689-0954,htrindern5@statcounter.com,1/1/1993
de26e00e-53dd-4f0a-8a1c-a38336fc4470,Clélia,Manon,623-223-5164,lmanonn6@bloglovin.com,4/13/1962
bba86504-4339-44b4-9c3c-10ee3df4f60c,Åslög,Hew,728-200-6858,ghewn7@npr.org,10/16/1932
e3b89ccf-5d60-4bc0-8e27-13313de9175c,Andréanne,Figge,443-650-3831,mfiggen8@about.com,11/27/1934
8ba0123c-fcc7-4c1e-93a5-7bd14c498618,Marlène,Miebes,971-482-9060,bmiebesn9@cmu.edu,12/10/1936
282b8f3b-cd3c-4a49-9568-341f4418dba7,Léana,Paolillo,593-722-3360,hpaolillona@artisteer.com,10/11/1976
9f3ff28e-112e-410b-bc5b-13646ee95704,Marie-ève,Corben,419-306-1618,ecorbennb@biblegateway.com,3/22/1924
c5925f22-251a-4939-a72c-eb21eb973bc8,Véronique,Duck,126-701-3017,cducknc@vkontakte.ru,8/21/1932
a5836e4e-6970-48eb-b07d-eb65e81a4da5,Maëline,Vreede,537-821-7729,avreedend@simplemachines.org,5/12/1992
d2808b1f-fd5b-4f49-abef-04484c41a212,Pò,Skirven,540-220-0555,gskirvenne@umich.edu,12/21/1977
f4eda4c2-d4ce-49e6-ba67-1192c67cfa53,Adèle,Thom,658-506-0551,gthomnf@pen.io,2/19/1935
03b27862-69b5-4d34-8a7a-b441e0ae1ba1,Dù,Carress,114-399-8559,hcarressng@blogger.com,3/3/1982
c212887b-e497-4721-9a40-b21b38650b4c,Gaëlle,Northbridge,218-569-0153,jnorthbridgenh@narod.ru,7/1/1962
cd940bbb-bc1c-4754-ad4b-c267b7e303f1,Félicie,Ventam,483-618-4480,lventamni@mapy.cz,3/5/1932
7444b267-c38b-4e23-adde-ca32492845f1,Salomé,Sirman,849-957-8278,csirmannj@fc2.com,10/17/1990
84f67eb3-6c68-4260-b8b7-2cbdfc36c834,Séréna,Espadero,619-818-3392,sespaderonk@bloglines.com,11/14/1936
3f3727d8-1fe1-4588-8e57-8bdf8ca0f609,Maëlann,Moorwood,953-513-2357,cmoorwoodnl@google.com.br,10/25/1955
fc15ebd4-6523-497e-a57f-d932db24d10d,Mélia,Hebron,843-622-2798,ahebronnm@free.fr,9/27/1999
1be6be09-2fcf-4b8a-b82c-d7bee74b4904,Åsa,Pidler,667-209-3960,cpidlernn@ed.gov,5/26/1983
5bf943ad-2535-434e-9644-8285777fb749,Renée,Delbergue,355-521-6166,adelbergueno@exblog.jp,11/8/1964
8a1db140-ba19-4a20-8231-adc5f37b3576,Eloïse,Waylen,107-461-4187,awaylennp@list-manage.com,9/22/1960
45cbdda0-d31d-49b8-a6ae-f60b35b0b2c4,Torbjörn,Blaxley,491-279-5240,eblaxleynq@hao123.com,12/21/1930
bd257e0d-aa75-4781-ac8e-259456b18e71,Marlène,Bewshire,826-290-7486,hbewshirenr@webnode.com,12/26/2003
1a8327e0-a34f-4168-b2e1-a004a6151ba0,Åke,Zoephel,871-684-6530,azoephelns@webmd.com,5/22/1957
2a254936-d903-4084-9c18-9399eedc7475,Maëly,Ledbetter,861-973-3675,tledbetternt@photobucket.com,2/12/1944
80d2f83f-5bf8-4191-b351-7b320595182e,Hélèna,Denington,804-513-6263,bdeningtonnu@ifeng.com,6/26/1934
55c7756e-c728-4277-b0ba-b187a8008fe6,Tú,Davidoff,870-910-1598,sdavidoffnv@desdev.cn,9/30/1945
2baa66cb-03af-4d57-9fe4-5094d88fd42c,Loïca,De Normanville,712-830-5631,mdenormanvillenw@columbia.edu,3/16/1952
970e5501-4bd3-4f2e-bd03-74f80939637a,Gérald,Grigor,430-472-3995,sgrigornx@virginia.edu,1/15/1966
64f282a0-b396-47b1-941f-86d392d7925b,Géraldine,Metham,994-367-3202,emethamny@cornell.edu,4/29/1948
27aa413e-012c-4c16-bb74-bfa4bb3f0bce,Anaëlle,Chitson,711-152-9826,mchitsonnz@prlog.org,7/21/1975
7b804ce3-1b22-4825-82e2-33256fb9bc84,Vénus,Kasman,515-214-3402,ekasmano0@imdb.com,8/11/1962
e75ba8ce-d572-4419-8cd6-203257fd7c2d,Anaïs,Stoffersen,916-516-4015,lstofferseno1@elpais.com,8/7/1990
283d5796-74b9-4fb0-8fe8-5dc5ce26b7d6,Cléopatre,Babin,899-260-5031,tbabino2@geocities.com,11/5/1942
bc6ab36b-4c7f-4384-ad75-9e8500abbccb,Frédérique,Have,996-417-5383,bhaveo3@cafepress.com,7/29/1987
ad4b1c60-58db-4d02-aeaf-1098379db357,Amélie,Glasheen,575-724-6099,kglasheeno4@bloglovin.com,5/15/2001
7847bf3c-7f83-4c91-9d3f-8573b0a082dc,Félicie,Mussotti,377-596-6780,fmussottio5@pbs.org,12/24/1980
29759f14-e529-401e-b93c-e667d38e076e,Camélia,Figliovanni,703-462-1178,lfigliovannio6@amazon.com,12/14/1997
847b8a8a-ef6e-4129-b02e-7529a8dfe293,Joséphine,Cozens,451-232-6774,jcozenso7@nymag.com,11/27/2000
d8cefaf1-4a35-406f-ba0b-3ba8a805bba8,Ruì,Mattheeuw,644-236-0180,imattheeuwo8@yolasite.com,4/2/1967
1d6f06d6-48ce-4f8e-8b5a-9f7d2059a406,Maïlis,Ashwood,381-808-1588,aashwoodo9@unesco.org,5/10/1959
325da5dc-7f2f-4a7f-be5e-2060e24dee8c,Maïté,Heineke,653-922-9490,yheinekeoa@accuweather.com,7/21/1980
ca365845-39b4-4a6e-828c-6dce0d936c6c,Réservés,Shurville,299-241-0155,pshurvilleob@livejournal.com,2/25/1957
71e4d619-7cd9-4740-ab35-85697f99e0c8,Åslög,McAuslan,874-330-5028,amcauslanoc@paypal.com,5/13/1964
3ab9e3d0-588e-4f63-b0a9-6ce90a39a528,Lyséa,Douty,784-159-2140,mdoutyod@storify.com,8/27/1986
c1bcbd29-8f57-4216-b82e-c09d8f9e1253,Styrbjörn,Maffi,221-963-6005,dmaffioe@scribd.com,2/13/1930
999674c6-9b79-44b3-8274-cac5310be6f0,Vénus,McIlvaney,826-378-6996,bmcilvaneyof@si.edu,4/29/1959
da42dfe7-fa2a-44a3-b5c1-cdf15c6ed923,Aurélie,Yurchenko,373-560-8488,syurchenkoog@stumbleupon.com,7/18/2000
e93cd9a5-4c8c-4e08-aee8-c2f994743c91,Léonie,Rimour,514-370-6331,drimouroh@walmart.com,12/17/1974
7f1eddf2-3fa6-40dc-968c-087e6e964601,Angélique,Di Francesco,890-370-9405,cdifrancescooi@sina.com.cn,11/20/2003
b5f5dd19-acb2-42e7-89d6-268110b47bee,Östen,Kosel,266-201-0798,akoseloj@businessinsider.com,3/17/2002
d52df69d-dea9-466a-be69-fe83225a9165,Adélaïde,Leynton,441-598-7915,hleyntonok@redcross.org,6/3/1985
2dcaadca-eb2f-43d8-9129-8c35a818fdac,Adélie,Keasey,728-255-4973,ckeaseyol@cnn.com,12/3/1921
e2b78280-ca87-4639-8c1f-e69694532198,Märta,Bursnell,423-717-4259,hbursnellom@epa.gov,7/23/1993
a7e486d4-80b5-4313-892b-e324792ffadf,Yú,Fogel,901-592-0927,cfogelon@xing.com,2/11/1929
c3c45f9f-2348-494c-a4a4-926fe7fed1fa,Lén,Gherardesci,196-970-2944,kgherardescioo@lulu.com,9/6/1987
81550420-472c-49db-a163-716800fabf1a,Ruì,Larman,522-695-1258,llarmanop@europa.eu,11/22/1976
a99f73fb-92b6-4997-9c29-aace42525f84,Réjane,Doorbar,520-446-3876,adoorbaroq@wix.com,5/10/1924
083d4455-8694-4236-8d11-97d0c66315c5,Méline,Adam,210-255-9086,padamor@businesswire.com,1/5/1995
43084495-87d9-4268-bd10-a2e1f7666b5d,Clémentine,Inglesent,536-758-3667,finglesentos@163.com,6/7/1969
b87cc87f-f23c-4681-adaa-4d0815247186,Liè,Sawell,876-598-0207,msawellot@ycombinator.com,3/20/1990
3adf2582-9b4e-46ac-9920-63506071807f,Hélène,Gover,874-258-8384,ggoverou@house.gov,9/8/1938
5aa8b683-8dfe-448a-86ef-853742baaa50,Laurélie,Mackison,461-392-6315,hmackisonov@wunderground.com,7/15/1929
e94671f4-b170-43c9-9c69-205eb09a1f5f,Mélys,Ordidge,529-221-5368,tordidgeow@blogger.com,9/8/1966
8a3d58ce-6523-487f-9134-be3c152700bb,Zhì,Broadbent,441-402-3652,sbroadbentox@networkadvertising.org,4/2/1984
b24b7934-54a2-4c69-86b6-a95296d0a60c,Gisèle,Pitkeathly,176-136-9611,bpitkeathlyoy@hibu.com,9/24/1981
62c819d5-e9fe-44ce-b61f-c8db398302ec,Océanne,Alphonso,469-651-9810,ealphonsooz@dot.gov,9/12/1978
ad67fda1-23ae-4520-aec7-d712c7e45acf,Gaëlle,Powe,127-300-1406,opowep0@bluehost.com,5/27/1954
f41278bf-a681-4c35-91a9-47daf0d7603e,Néhémie,Iorizzo,419-522-8243,miorizzop1@github.io,1/8/1951
53ae0cc4-a66e-46ee-8c1c-4c6079db8fa2,Clémence,Hedditch,602-684-2158,hhedditchp2@wordpress.com,10/30/1950
2bbe5760-6b3a-4551-87a6-a35b40686aad,Gisèle,McDuff,957-313-6748,ymcduffp3@nature.com,10/26/1966
2ab4967e-547e-4774-9233-b1741d3b0233,Erwéi,Pettitt,969-710-2536,jpettittp4@cpanel.net,2/24/1943
4795eaf8-adbe-47ba-a538-b8f71cdc83a9,Rébecca,Perott,383-391-2645,fperottp5@rediff.com,10/11/1975
b53a7b94-3caa-4076-b7c6-4afce326e2b9,Andréanne,Hardstaff,144-290-2515,nhardstaffp6@go.com,3/26/1924
5b662288-c46e-4fa9-94aa-f95e7f8119a9,Zhì,Panting,197-569-1844,lpantingp7@amazon.de,2/14/1962
73a41871-fa17-491f-be98-141053908514,Océane,Pettingall,859-785-0761,npettingallp8@sohu.com,4/3/1935
97488d93-8832-42f4-8dd6-1423c61280df,Jú,Stables,568-672-6591,astablesp9@irs.gov,10/8/1980
300a3a88-d0a7-48e3-8c17-0fcf12476d78,Angélique,Casement,314-950-0073,ccasementpa@ihg.com,5/20/1975
78fbb377-007d-48e8-b89a-18ab54d9f1cf,Vérane,Levi,722-611-0871,glevipb@cbslocal.com,11/16/1998
86af1896-6289-4a7b-b291-669e766af007,Garçon,Sibborn,283-571-3626,dsibbornpc@barnesandnoble.com,8/6/1983
065274de-9fed-4508-96e4-83e7bdec7a19,Rébecca,Skouling,252-256-6980,hskoulingpd@skype.com,12/11/1999
6ba09152-ef3d-42be-b140-8bccf9a031f0,Marie-françoise,Wurz,340-845-6534,awurzpe@hc360.com,8/22/1999
2616da48-98aa-4fc7-a9a2-b827713a15df,Gaïa,Pattillo,650-424-3107,apattillopf@smh.com.au,1/21/1932
0d8f597d-b9e0-4d31-a80a-bd5b4bc48614,Noémie,Urpeth,178-992-9187,jurpethpg@wix.com,9/17/2005
994e5aad-a2aa-4069-95d1-b0a61fffddb9,Josée,Meegan,108-674-3204,smeeganph@ifeng.com,10/16/1962
59a8dace-f0ea-4185-9a1d-df29671ea6aa,Méline,Sofe,603-957-5959,osofepi@shareasale.com,3/1/1990
9a84ddda-6957-4f4d-a9cc-5a4cbd92ad52,Joséphine,Krook,159-595-7181,akrookpj@businessinsider.com,9/3/1993
82f25419-dcde-413d-b4c8-91e82ae4c398,Almérinda,Jeffress,404-376-2532,mjeffresspk@amazon.com,3/15/1967
8356d7b2-8869-44ea-a9b6-ed2eae40a0f0,Ráo,Whiteford,257-980-0343,fwhitefordpl@tripod.com,11/16/2003
e1aac4bc-6aae-496d-8054-48d8e91da099,Audréanne,Glandfield,799-167-6514,lglandfieldpm@census.gov,12/28/1981
8f929e72-d745-42a6-9058-fb66aeaf3fc7,Åsa,Kristufek,418-348-3057,dkristufekpn@furl.net,5/23/1942
6a8e5b37-2b74-4e72-a64a-ca9dfbaa5c00,Örjan,Gowenlock,835-392-2244,ngowenlockpo@odnoklassniki.ru,1/11/2003
bd68298d-375f-42f5-8b3e-16d487eb3858,Märta,Brassington,215-628-1746,bbrassingtonpp@mysql.com,1/17/1980
39734fd6-d66d-4686-98d1-c363c389cb19,Irène,Mirfin,697-774-9449,mmirfinpq@cafepress.com,12/4/2000
d7b96b76-f957-44a2-9763-92312a7aacbf,Noëlla,Derricoat,580-562-1658,hderricoatpr@businessweek.com,7/6/1980
eab0b6f9-6850-4c19-a6fc-4f1230b156d3,Crééz,Kinghorne,179-551-0025,ckinghorneps@vk.com,9/19/1935
40787f7c-6454-40d0-8991-fb43c825c8b6,Eloïse,MacNeely,745-234-1415,rmacneelypt@theatlantic.com,12/18/1935
4fc46947-126a-455f-be7d-8b49db0aa404,Rachèle,McNay,403-616-8281,nmcnaypu@twitpic.com,1/9/1997
4b46cb1a-38bb-4a90-8a45-afcd00c6baac,Noëlla,Ollivierre,784-795-0434,sollivierrepv@psu.edu,4/27/1933
916d5129-3448-4fcf-808f-8898e6d2533f,Tú,Stegers,530-978-8529,mstegerspw@clickbank.net,7/11/1927
42bf7e2e-e9cd-4cb2-b306-0ad7c00959fd,Maëly,Wolstenholme,266-492-9563,awolstenholmepx@yolasite.com,10/4/2001
155f76af-345c-4926-a75d-7a78b8b230f3,Crééz,Bust,897-706-3576,sbustpy@amazon.co.uk,12/29/1948
5689dfe5-5387-489f-8db5-8429ad3461b0,Anaëlle,Nowlan,100-459-3160,anowlanpz@java.com,1/12/1950
d769bf03-1789-497b-80d7-4fe1838cb3e1,Yè,O'Shea,401-393-2711,losheaq0@alexa.com,3/18/2001
44111c7a-d531-486c-b57e-2e0854380b3c,Björn,Diss,525-259-7297,pdissq1@aol.com,1/2/1937
8e215e9c-83a3-4e6e-987f-a8ecdfb2dbee,Andréa,De Castri,967-645-0963,pdecastriq2@state.gov,6/12/1927
0803db2f-57e5-40fa-9d86-fdfe6cef51c2,Mén,Caltera,110-248-3204,vcalteraq3@utexas.edu,11/15/1933
aea2d579-a69a-47fe-ba6a-24cdce2ec591,Michèle,Whitwell,620-460-7177,mwhitwellq4@furl.net,4/6/1999
182464dd-3e93-48a6-887f-903f58c8911f,Célia,Quirk,923-709-8735,cquirkq5@dailymotion.com,4/16/1931
090428e2-d66b-4f6e-a919-2de77d9b2cf1,Sòng,Paris,666-656-3007,kparisq6@reference.com,6/13/1985
f8533825-0637-44d9-9b06-4b885b23dbc0,Ruì,Defau,243-612-1885,ndefauq7@deviantart.com,4/5/1940
66a26be0-8c06-4ab7-8084-2147702bf60e,Börje,Kidner,385-898-8730,ckidnerq8@sfgate.com,12/6/1967
638175c9-5dea-489f-883b-99d031516705,Hélèna,Eddoes,457-654-4405,peddoesq9@apache.org,11/3/1970
70a23a5f-0f66-40bc-ad29-277fdd44fa2d,Réjane,Crocombe,479-995-2261,ccrocombeqa@webeden.co.uk,12/10/1925
59ce3ba0-b807-43f6-bd67-dd88b1a6fdaf,Solène,Deporte,932-148-2747,gdeporteqb@un.org,2/22/1967
b87fbde2-aac4-4af6-a752-2d68def416b1,Aurélie,Theurer,525-725-7262,stheurerqc@parallels.com,5/28/1963
06a47da6-2235-492a-b294-124fd1a5f6b6,Anaïs,Lambal,284-632-8626,clambalqd@home.pl,1/14/1930
2a0651dd-ce6c-40c9-b80f-ac469ff4934a,Noëlla,Bottelstone,624-247-6963,rbottelstoneqe@npr.org,11/9/1922
6d8fa84e-6a81-49d8-aac0-45673ee04632,Åsa,Geekie,663-358-7954,kgeekieqf@usda.gov,4/19/2002
d526d5a4-b894-4a30-b4d3-f376282cb68b,Méng,Wallentin,123-163-1659,jwallentinqg@springer.com,11/13/1945
4acc018f-5ca9-4c95-8a9b-10f83e0a865d,Athéna,Quantrell,928-414-8302,gquantrellqh@zdnet.com,4/27/1928
63028457-777e-4785-b4b4-9697edb71d90,Méng,Szymonowicz,942-693-7870,oszymonowiczqi@cam.ac.uk,11/29/1940
dce7c772-cfe3-4c2a-ac21-96b30fc9d46c,Sélène,Paaso,942-227-0137,hpaasoqj@icio.us,9/27/1992
b0f67d68-1095-451c-a50d-4ada8cee2714,Yáo,Holt,945-362-2154,jholtqk@cdc.gov,8/30/1962
98142cfb-3be2-4161-b3a6-09d748726a52,Mylène,Bremner,776-678-8595,dbremnerql@theatlantic.com,9/11/1937
6a5b8923-7430-4e20-8ff3-2009676fc6eb,Néhémie,Yakuntsov,502-662-1515,jyakuntsovqm@reuters.com,5/3/1954
f110aa2e-7216-453b-987a-026606f54652,Gisèle,Cisar,314-659-2213,vcisarqn@goo.ne.jp,6/20/1941
31e3fb16-a384-4f65-aff2-44806c17ba88,Stévina,Cluckie,941-489-3715,ccluckieqo@phoca.cz,2/14/1973
cd8290d9-a00d-4116-a31c-368323867442,Irène,Syalvester,913-193-0686,msyalvesterqp@cargocollective.com,12/13/1932
3dc4e975-8f06-446f-95b2-0f19b5e074dd,Marie-ève,Behnke,757-663-6828,lbehnkeqq@ucla.edu,8/18/1951
135b4a6a-1595-44b8-bec9-23a88ed00bc4,Gösta,Espinas,507-821-3834,sespinasqr@acquirethisname.com,5/9/1976
98b9699e-f701-4777-bd36-969b0efdf2dd,Mélinda,Loudon,231-771-8629,mloudonqs@cafepress.com,5/27/1948
600e1dfa-e324-4d54-8084-c8cd9ce40129,Annotés,Yarnton,719-354-2270,tyarntonqt@ameblo.jp,8/4/1936
87bf0e9f-dca7-4964-a43f-398911bf7cc5,Mégane,Das,419-333-3769,sdasqu@ask.com,5/20/2005
b6d34109-6e17-46de-a622-cdc977f0468d,Valérie,Maith,200-799-6399,mmaithqv@tripod.com,7/23/1985
c224144b-5c6f-4c4b-9591-71d71b12ef72,Publicité,Cosgriff,313-707-5516,acosgriffqw@elegantthemes.com,7/28/1996
79747e02-c64e-4b74-b249-f1956bd91ee5,Cécile,MacCallister,308-564-2008,jmaccallisterqx@themeforest.net,5/7/1940
c42e3102-8af1-4078-be2f-a8e4e9c5e1c2,Desirée,Mayell,607-899-0271,hmayellqy@zimbio.com,8/10/1922
b217da38-7348-46de-8ae4-2dbdefb63884,Edmée,Gounard,703-498-3339,lgounardqz@opera.com,4/2/1923
d87701c6-f14b-4130-a7f4-ef93e32942d4,Lyséa,Luckes,467-224-3592,vluckesr0@dailymail.co.uk,1/10/1970
d01429a9-f2a6-47e9-98d0-b222f16cac50,Méthode,Nicholls,679-772-8297,qnichollsr1@nature.com,2/10/1922
5ebec83a-c6a7-425b-95ed-b7174ea9956f,Fèi,Hartill,993-491-2914,mhartillr2@japanpost.jp,7/27/1933
bd73441b-742f-473a-94d4-e380f8153b83,Mårten,Philipard,545-727-6668,ephilipardr3@w3.org,2/3/1921
777fde5e-2f39-4631-bdf6-ff936339e176,Gaétane,Filov,232-412-2728,nfilovr4@domainmarket.com,7/16/1932
20633e77-0af5-4bb9-94ae-a589f585ab69,Lorène,Shreenan,339-116-3294,rshreenanr5@slideshare.net,12/10/2001
9e76afef-2cff-44cc-aaf0-c0db85f2fdb2,Gwenaëlle,Delos,114-982-7941,edelosr6@mysql.com,1/17/1961
18ada2d8-2cde-43bf-81a5-fda1efd2ceda,Adélaïde,St. Ledger,570-536-4028,mstledgerr7@vimeo.com,3/5/1994
b0c71d43-cea8-4211-a991-737ee74a0acb,Adélaïde,Tapson,666-183-4434,ktapsonr8@odnoklassniki.ru,10/10/1941
1d744b43-0c09-43c7-91c3-a76c4d4b8b9a,Amélie,Tuft,940-863-1254,stuftr9@fda.gov,6/28/1967
1c843a42-7f20-421e-bce5-50c1648cb95b,Méryl,Gurery,263-715-9316,fgureryra@merriam-webster.com,9/6/1930
c205f348-dabd-419e-a5a7-50309c5eba71,Méghane,Huxham,330-543-7329,chuxhamrb@artisteer.com,7/25/1972
3864eabf-46c7-4d24-b3ab-9027c1ed0ea1,Sòng,Quiddington,194-263-4460,equiddingtonrc@army.mil,12/5/1939
6bcd10b1-dd93-4c80-899e-da8c12e7127a,Annotée,Antonich,342-329-9402,fantonichrd@alexa.com,9/11/1958
4e6cba2b-aea2-4d31-84dd-32a757c96ea8,Audréanne,Newsham,129-846-7345,cnewshamre@chron.com,11/17/1995
5a9a4bd9-aa50-4807-9a5c-6fffcc967d56,Marie-noël,McEnteggart,911-672-9097,fmcenteggartrf@fastcompany.com,12/9/1974
5fb4777d-fd58-4fe2-97ab-e50eb96ccfb5,Léane,Nance,879-573-4606,snancerg@deliciousdays.com,1/15/1961
fc633e51-90f9-482f-b1c2-74b6dc3272b3,Kù,Swithenby,183-351-5447,hswithenbyrh@rediff.com,11/13/1937
f1271653-21d2-4733-8be0-68b241f6ebea,Angélique,Croall,909-342-9587,ccroallri@freewebs.com,3/13/1975
ebf9b722-95f4-4e44-bebe-b60b173313fb,Mahélie,Haxell,684-859-6153,dhaxellrj@tripadvisor.com,7/16/1955
3cf5b54f-8f12-48c8-b4bf-cae58b585aa6,Sòng,Heinel,967-225-1142,jheinelrk@cafepress.com,4/9/2000
042af4ef-893f-47bd-b82d-1de2cb4fdbb3,Rachèle,Timmermann,294-546-4410,mtimmermannrl@shop-pro.jp,1/14/1969
f4817ec6-080e-45f9-852b-b8902bb265a7,Gaétane,Groocock,217-620-3689,tgroocockrm@bigcartel.com,6/23/1976
a1ba6c92-4931-4f18-81dd-70f6570a4831,Alizée,Swanbourne,513-432-4766,dswanbournern@cnet.com,5/9/1965
a0037c24-2b8c-408e-806b-e68587b942ee,Renée,Verrick,374-854-4086,dverrickro@friendfeed.com,4/15/1972
3e479c61-7624-4f49-98a3-603fcae823e2,Chloé,Scriviner,488-534-6794,gscrivinerrp@archive.org,11/3/1971
3de0c661-ac24-48df-bd7e-8a7dd5883d5d,Yóu,Bierling,888-943-1821,mbierlingrq@indiatimes.com,1/17/1969
dde96212-bcc1-4eac-bd0b-f968d6ce0334,Geneviève,Garner,842-977-8200,cgarnerrr@theglobeandmail.com,2/10/1935
