Id,FirstName,LastName,DateOfBirth,Email,Phone
7b1afeb8-4101-4897-bddf-6d949470d41c,Mélanie,Skilling,3/5/1934,lskilling0@privacy.gov.au,985-128-8908
93c416b8-34d9-4263-b0b0-73594db16296,Laurène,Kopps,6/28/1980,tkopps1@soup.io,883-640-6025
c92061cb-632f-4123-a5b8-2869925d1818,Åslög,Cogar,1/30/1975,tcogar2@geocities.com,945-301-2994
ea72e162-c22d-4cfc-8d75-ae3786dcbd60,Maëlann,Luetchford,8/23/1929,sluetchford3@shinystat.com,348-817-9370
1e91a976-5fe9-48de-8555-16f61a35cc3d,Örjan,Welds,2/7/2004,gwelds4@cafepress.com,638-269-0411
4803d40e-6a1c-49ed-acf3-75749a1222c6,Östen,Tatford,10/19/2003,ctatford5@unesco.org,606-155-0991
d1f6d924-a5ca-4da0-87fe-7de1799a2714,Méthode,Blabey,10/21/1944,sblabey6@wikipedia.org,685-597-9939
b5f9e324-fb3d-4222-b39b-aac40ca9f661,Märta,Rau,5/25/1994,srau7@jigsy.com,774-194-6974
a73ac481-22ab-4caf-8622-f907a45b237b,Naëlle,Minihane,9/26/1977,gminihane8@mtv.com,741-544-8984
83d36f42-80f3-4e87-9273-311f79e37b37,Chloé,Tregaskis,2/13/1960,dtregaskis9@oracle.com,294-642-6850
e5ff612b-fcda-4898-9b34-ec97dc09cdbc,Görel,Hodgins,10/20/1948,dhodginsa@chicagotribune.com,879-966-5921
5abe5f27-e7c8-4616-9919-cdd6561ad35b,Noëlla,Beatson,3/15/1931,lbeatsonb@un.org,111-953-5228
28825fd8-e842-4343-ab4c-ce52f6374be1,Gaïa,Abate,7/2/1991,cabatec@arstechnica.com,454-229-6635
2d72f45d-afcd-4807-8a2d-947e0617ee8b,Ruì,McCafferky,10/26/1991,smccafferkyd@reverbnation.com,847-965-8659
c5ccaa40-4c6f-45e1-b3d5-dd0708418cd7,Uò,Goodsell,2/14/1958,dgoodselle@admin.ch,484-497-3059
f1f53ff2-fe28-4aed-82eb-e395a71c2510,Méryl,Ivanikov,11/23/1959,eivanikovf@slate.com,624-827-9665
1569a15e-239e-4eb4-8753-a9ae37a185cf,Léandre,Ashmole,11/28/1975,mashmoleg@tumblr.com,955-221-8787
91d1baaf-8d4b-44c0-95eb-f4c00f84f42c,Personnalisée,Slocom,9/7/1938,yslocomh@bloomberg.com,780-762-5070
48097bce-1fd2-461b-91c5-16e8a4841a21,Yè,Bolver,9/20/1993,obolveri@furl.net,564-763-1543
a01ddcb8-1e76-4f51-815b-fde1e8e04c85,Kallisté,Ible,2/11/1989,oiblej@lycos.com,583-246-4804
10a0d711-de8e-4a3b-aa9d-e169f4f9743a,Amélie,Mattam,10/27/1932,cmattamk@oakley.com,210-351-5874
38e5ea2a-0c45-4758-b6f9-603a6f759e58,Mégane,Dradey,10/19/1984,pdradeyl@ifeng.com,997-168-5579
1b14dae9-8c5c-4b96-84ca-467df9eabc0b,Laurélie,Childs,12/17/1928,nchildsm@pen.io,453-181-4257
465e0032-9136-4110-af35-5a100f7a8e7d,Hélèna,GiacobbiniJacob,2/3/1951,bgiacobbinijacobn@tripod.com,796-625-1045
f09654ee-9c60-4ee0-9791-c4c8a39eaef6,Illustrée,Salle,11/11/1959,csalleo@ovh.net,834-793-3316
ac0c798f-b8d4-48c3-93cb-56acf4f0fda2,Maïté,Gouly,12/26/1990,sgoulyp@bandcamp.com,982-230-6410
8fcdbb01-1359-4e0d-948a-af6a74305609,Göran,Kowal,3/24/1949,skowalq@t.co,189-719-8823
1cc03613-cef1-4c60-b737-f7cada99daa6,Åslög,Vears,6/22/1970,bvearsr@last.fm,479-864-5750
bc9f774f-272e-46af-832a-9abce6e5be17,Kuí,Hatter,6/15/1951,bhatters@marketwatch.com,246-266-4571
e146c2ae-0fb5-47f8-8958-9e24cb6478dc,Almérinda,Rowen,8/11/1958,rrowent@hao123.com,744-889-3654
61ec6014-f273-4b0c-b4e6-a6f04963cc85,Nadège,Drugan,11/16/1974,rdruganu@go.com,176-933-0098
9b8c168f-1991-441f-b1a0-32fb344eeb1f,Mylène,McMorran,9/10/1988,omcmorranv@godaddy.com,773-249-2173
387b094f-3d7e-461e-809b-66f8bcb59303,Andrée,Folomkin,11/26/1992,bfolomkinw@ebay.co.uk,834-947-7347
311e0b15-5e12-45bd-b532-512723d1088e,Bérengère,Croan,3/1/1943,dcroanx@yandex.ru,368-492-9844
0264f0aa-f79b-4ffc-b820-c9c9addf3b47,Séréna,O'Neary,2/8/1964,conearyy@ycombinator.com,479-552-1873
c7925cb6-3e0d-4c9d-89d4-bf504132d770,Ruò,Servante,4/17/1990,rservantez@webnode.com,294-492-0299
0254fd01-9d43-451c-a0b5-9b6b6a1fdb62,Angèle,Lasham,9/12/1993,alasham10@bing.com,369-558-1720
9c84492d-7720-4019-8ed1-0d9c4cf076cf,Yáo,Loney,10/6/1923,bloney11@comcast.net,762-369-3776
03016a2f-f4d5-49f8-9016-abd1552ecd43,Maëlann,Binns,5/6/1983,cbinns12@mysql.com,380-659-1546
758fb580-4512-4c7e-b6a7-598b25d3d904,Tán,McHale,9/12/1962,wmchale13@illinois.edu,447-133-0044
f3e55704-48e9-4d54-8aa8-923be669f6bd,Uò,Ivanishchev,5/24/1958,livanishchev14@aboutads.info,506-217-0385
03acca27-c36d-4258-aac7-a9a828fa2627,Cunégonde,Powdrell,12/6/2004,cpowdrell15@eepurl.com,457-496-7519
223079fd-9824-4e65-afad-724409925761,Maëly,Eady,2/29/2000,ready16@merriam-webster.com,750-278-6421
722bc62e-eece-4417-b3df-1febbe3e60ef,Märta,Bury,7/10/1925,cbury17@latimes.com,453-584-1675
50696e8e-759a-4619-acae-25799d793007,Solène,Gibbett,3/5/1969,rgibbett18@oaic.gov.au,534-985-5726
152fe280-664b-482c-97af-0d5935b3812d,Almérinda,Combes,5/25/2000,ncombes19@zdnet.com,552-972-7202
094ffc76-9815-44c9-adff-fa3d29e613d6,Maïté,Dalgarnocht,9/3/1963,ldalgarnocht1a@multiply.com,466-685-2888
836ff86f-a13b-4728-b703-e3b704faa69f,Rachèle,Dowrey,10/5/1964,kdowrey1b@vinaora.com,766-950-1236
e38d0258-55b0-4cdf-b018-dbf0d3a2a2bc,Béatrice,Vickerstaff,6/21/1992,bvickerstaff1c@blogspot.com,481-763-9958
822baec3-c8a1-431c-9da7-28c15a61c01f,Clémentine,Stapley,12/5/1989,sstapley1d@mtv.com,571-132-9466
4c2b2ce5-4b6c-4e3f-b931-61882717f8e9,Personnalisée,Parmeter,9/17/1983,nparmeter1e@aboutads.info,781-350-7954
f5ff2245-5a2a-4a87-95f3-e69943e374bb,Mélinda,Fernley,9/8/1992,afernley1f@bloglines.com,702-520-5519
6f285f6b-5ee8-4bae-a889-e09b40d3228f,Cloé,Painten,2/27/1941,apainten1g@prlog.org,601-805-2754
368fa70f-38d6-45f7-8c7f-9f60fecdd0c5,Bécassine,Codrington,7/14/1994,vcodrington1h@theguardian.com,478-365-6022
4c37c6a4-0b82-49ce-8f51-d56a4ee30591,Méng,Boggon,2/3/1991,hboggon1i@vimeo.com,857-786-6201
d1935735-eb84-4952-aa96-b3223f5586f3,Célia,Buston,3/10/1977,cbuston1j@hostgator.com,529-725-1754
5f05e9c0-e169-4ce1-af2d-0243c52ad7b3,Maï,Grindell,1/26/1990,mgrindell1k@edublogs.org,161-552-9147
e67bef2e-ca71-444a-a8db-3714c56a070a,Maëlann,Labon,10/14/1976,dlabon1l@liveinternet.ru,101-261-2521
95c1f55c-b0e7-4ffe-b796-e58250f5ac2a,Personnalisée,Filon,9/2/1928,afilon1m@de.vu,953-208-0202
b960727a-b915-4082-b08c-d528b9b64a61,Erwéi,Wittering,1/21/1961,lwittering1n@ft.com,249-297-7490
7ad4dd00-4948-4cdb-af49-5892a8cf1f5f,Marie-josée,O'Longain,11/19/1940,molongain1o@163.com,568-278-4357
f98f8b5a-7eaa-421d-8eee-3ad5fa750e18,Håkan,Byneth,3/8/1985,pbyneth1p@virginia.edu,111-194-9244
46bf49c0-bb32-4f43-ad0d-c1c1b247dd8f,Maëlle,Kinahan,2/16/1947,ckinahan1q@state.gov,364-732-2176
6ead6c02-c21f-4cb2-84d8-96e6c1366dea,Östen,Coppenhall,4/24/1929,kcoppenhall1r@unc.edu,974-394-9761
bc82ccfe-6fae-423f-8f65-94f58362c250,Audréanne,Boughey,6/10/1968,sboughey1s@jugem.jp,663-115-2969
f9cf95b7-0e6e-41bc-af11-62ee01a9bb78,Ruò,Ygo,7/13/1930,nygo1t@ucoz.com,128-555-5394
37bc48fc-422d-4bed-95ec-1de93273322f,Intéressant,Boswood,12/1/1950,cboswood1u@redcross.org,123-414-5514
08a91dd8-6802-45c4-9609-81a9623f2cef,Eliès,Hentzeler,6/28/1986,ihentzeler1v@topsy.com,339-301-4608
79729230-d894-4f00-9ff2-3e08df0b4084,Solène,Byer,9/12/1975,dbyer1w@dell.com,700-127-6789
015d02c0-5239-4b63-8e53-242a3eadbef7,Frédérique,Klimpt,2/20/1950,hklimpt1x@sbwire.com,888-341-7442
4bdf73dc-3906-41aa-a3b3-d714f4b8aa84,Maëline,Parsley,10/20/1972,dparsley1y@1688.com,918-742-7899
a9dbb011-12c7-4128-9768-8cf47923a090,Marie-ève,Lewsey,7/31/1994,flewsey1z@senate.gov,126-159-2374
6b0bce3e-fd3d-4d46-baa0-330968bb4acf,Léonie,McDonand,4/13/1997,kmcdonand20@eepurl.com,257-742-0975
3e203d7d-fa38-4df3-be8c-944cf2cdb417,Camélia,Haresign,1/27/1947,bharesign21@delicious.com,826-193-2824
a8ba1558-913b-4cb0-b3d3-f155d6960fd5,Thérèsa,Windross,10/5/1942,gwindross22@nba.com,880-255-1354
84c3badc-8952-4a6a-830f-a72c2a299b99,Kuí,Oley,11/3/1979,goley23@redcross.org,497-609-4335
2a7649ca-e316-47b7-bdb0-259add0a3af6,Andréanne,Duns,12/22/1976,bduns24@ovh.net,636-783-6143
bffa6d2c-3618-4fbf-95d4-219a81e639f9,Chloé,Fonquernie,9/3/1982,gfonquernie25@ucoz.com,750-785-8832
c8dac26d-0a4b-485e-bce7-a02acc5761a3,Véronique,Beastall,6/5/1998,lbeastall26@oaic.gov.au,352-661-8985
5ad189ea-ebe4-4322-9bb1-d6591381da10,Maïté,Kluge,6/27/1993,akluge27@t-online.de,982-190-9583
163b4efe-5565-455e-b997-8b6231c112fc,Rébecca,Tremayne,4/10/1996,stremayne28@seattletimes.com,194-416-2915
299c30dd-139e-4ee6-97ca-d65fd9f91e83,Méline,Austick,3/28/1939,aaustick29@lulu.com,604-483-9685
c05b6c02-6572-4b84-a488-3f3da397bbd6,Renée,Quimby,8/10/1927,bquimby2a@quantcast.com,371-799-3461
90c759c0-9b6f-464f-ba90-2610646056c2,Anaé,Collington,11/3/1920,pcollington2b@posterous.com,924-438-0750
cf096bac-25af-45c9-8a23-09fb83f4bafe,Maéna,Noton,4/8/1995,knoton2c@fema.gov,555-750-8185
07616997-d806-41bd-bd7e-f34800dbabab,Sòng,Vaneschi,12/21/1999,mvaneschi2d@cdbaby.com,508-883-0854
b696b66f-5860-40a5-874d-7008b9ccd617,Vérane,Fairclough,2/25/1929,jfairclough2e@desdev.cn,308-353-3036
308d8903-274a-4b80-b3b7-001045af59f0,Yóu,Attew,9/26/1923,kattew2f@soundcloud.com,702-575-7690
facd8c2b-a6f9-4b56-9ea2-4c22cd842dc8,Adèle,Rosewall,9/23/1931,grosewall2g@answers.com,455-506-8862
a96f0448-3ea7-48ea-84c4-63fd6b1bbb7d,Tán,Dowty,12/30/1964,jdowty2h@deviantart.com,442-512-3468
00d9d5e0-778a-4bd6-a0e6-4d0fe4e278cd,Annotée,Dinsale,1/31/1946,tdinsale2i@soup.io,549-769-2806
b1e7a999-2f3d-43d8-94f3-8a16d7dd74a9,Mà,Merrikin,9/17/1940,cmerrikin2j@biblegateway.com,315-332-4286
29b8c95b-861e-4ffd-b948-c3c2bb6ee78e,Åke,Southern,4/13/1947,gsouthern2k@ovh.net,186-463-6749
8e4cf157-eeb1-446d-8870-a9ef0622fb58,Agnès,Arthey,3/21/1961,aarthey2l@shinystat.com,240-316-6823
78bac203-c10a-4fb3-906a-c70993125bf8,Mylène,Antonacci,11/19/1974,eantonacci2m@sakura.ne.jp,340-369-7744
9cecdb97-11fa-45fe-8a27-d6c7ca2cb656,Magdalène,Eallis,11/1/1985,ceallis2n@discovery.com,370-108-4468
2fe23073-7bf5-432a-b2a4-c8342a6a8433,Cléa,Ciabatteri,8/11/1963,cciabatteri2o@1und1.de,385-867-6214
594d3006-3f6f-446a-9749-e8a90cef3ae5,Andrée,Ife,4/28/2002,aife2p@w3.org,561-571-5315
a6651ae2-398a-41db-babb-c05c3a90b1d9,Mégane,Pedder,6/23/1921,gpedder2q@dagondesign.com,422-223-7298
b2e9feee-24ab-4af6-abd5-9217c6180309,Aloïs,Oldfield,6/23/1967,boldfield2r@usda.gov,152-733-8105
448f3a13-539d-473a-8a29-5fcb638c1e49,Kuí,Harg,6/15/1936,mharg2s@ed.gov,831-911-1883
66413ef8-bdca-48e2-8752-66aff8a3403a,Géraldine,Bussell,3/29/1936,abussell2t@imageshack.us,856-951-0457
c823fd13-71e1-4fc3-8465-015aa11e2bfc,Réservés,Jurasz,9/9/1991,hjurasz2u@over-blog.com,901-555-8892
e0d77abf-ac0c-4494-833d-7cb7cedcea92,Nuó,Gwillym,4/29/1940,kgwillym2v@paypal.com,125-483-6109
e66f3977-d0c1-466d-8964-8d0c109daaa4,Kallisté,Lideard,8/10/1926,klideard2w@google.fr,258-244-0250
1ff65489-ce59-4a48-a43d-cfc11d241769,Mélia,Ivanonko,5/7/1988,rivanonko2x@privacy.gov.au,360-661-1388
1c7b25ad-1316-4e24-a65d-b39282ce1a98,Adèle,Gilardengo,10/20/1952,mgilardengo2y@wunderground.com,747-498-3968
12efb1d9-b49c-4bc0-99de-bb58939030f1,Marie-ève,Wicken,5/11/1975,hwicken2z@t-online.de,562-505-0298
bb2289e8-3700-444e-8dd6-74530127270e,Inès,Gaynor,5/11/1922,bgaynor30@yahoo.com,889-408-0890
6be42587-7f38-4b01-ae64-df2d823cc51e,Néhémie,Janik,6/15/1984,sjanik31@biblegateway.com,229-743-2881
7902077c-eafa-40c2-af9d-48a826b78661,Léone,Gasquoine,11/25/1994,wgasquoine32@sbwire.com,556-362-9954
de843fa0-6b4e-4714-b78d-fb6f0ca04958,Ruì,Meace,10/9/1948,emeace33@google.ru,784-443-5316
144848bd-44f0-4102-b4e7-6804f1f97ed2,Mégane,Crebbin,10/11/1940,gcrebbin34@prweb.com,871-650-9809
3cff8e7f-07e6-4d23-8aaa-ff7ebbd94b0d,Alizée,Newbatt,10/11/1934,lnewbatt35@studiopress.com,597-570-3238
80179d49-208d-4396-a647-b6d51f96060d,Intéressant,Shatliff,9/4/1943,vshatliff36@aboutads.info,744-106-3068
5e38a03f-3e6b-4eb0-accb-a098dc9b7a99,Rachèle,Wombwell,10/9/1988,cwombwell37@parallels.com,742-787-7886
3da71368-d330-43fd-93e7-65f020d15ac1,Åsa,Petry,10/20/1941,bpetry38@sourceforge.net,531-380-7712
efc3e302-c111-43de-84c0-fdd7f4ffd0fe,Andrée,Frances,3/8/1966,bfrances39@furl.net,499-709-5443
1b52fb59-445f-4058-a1a0-6e421bb00f74,Lài,Lauxmann,10/30/1976,llauxmann3a@dedecms.com,799-210-0938
979687f0-ecd1-49a8-b4a7-273e6cfe7cce,Sòng,Clapham,12/28/2000,nclapham3b@shareasale.com,448-707-7278
6d61f90b-3424-4777-91cd-34c3872e4ab2,Loïc,Rotte,5/12/1943,lrotte3c@bigcartel.com,619-265-5600
d894ebf1-eea9-4353-8ed3-fe2b6f069d62,Mégane,Bohan,2/16/1945,abohan3d@xrea.com,136-317-8498
11f53fa3-6ba5-4662-ae8f-4e2d34843f2c,Styrbjörn,Bafford,7/17/1957,lbafford3e@altervista.org,301-902-1189
b129e1d8-d27e-425d-896f-5591d2ad8504,Maïly,Nussii,6/6/2004,rnussii3f@cdbaby.com,800-714-6099
6123bd3f-f71e-4c3f-b5b8-e7b704df04f8,Yáo,Bellefant,12/12/1953,abellefant3g@vimeo.com,133-618-7857
dd3558e9-cced-409f-9e96-ad4b78f3743a,Geneviève,Eyers,11/22/1987,aeyers3h@lycos.com,440-903-1390
49d19896-2b98-4430-a154-29366a417fa9,Tán,Maliphant,8/20/1978,lmaliphant3i@washington.edu,297-198-6376
88149288-7668-480a-b8d8-f79213c443f6,Kallisté,Tweddle,9/13/1966,ttweddle3j@washington.edu,445-367-7135
18547954-58f9-46de-8a6a-9e35cf4fe741,Yú,Leat,2/18/1972,dleat3k@dailymail.co.uk,292-357-5669
7029593d-236d-452f-b3d7-2b68fecb581c,Miléna,Weal,7/12/1996,bweal3l@cam.ac.uk,514-619-2577
6e826adc-ba73-4e5a-be91-8f6cc5e26c9f,Océanne,Burburough,12/16/1960,tburburough3m@csmonitor.com,877-561-0662
19d38779-e4b5-477d-86e1-57c3a52c96b5,Åke,Oriel,8/26/1959,moriel3n@china.com.cn,901-958-1817
5c9d5e0c-4996-419b-858e-91d415bd0f26,Vénus,Sweedland,4/13/1938,gsweedland3o@xinhuanet.com,299-939-9860
56f6a6bb-4caa-4316-869a-ed9bc289b0b7,Sòng,Fantone,1/10/1966,tfantone3p@bandcamp.com,848-621-1667
44c55003-aa57-4949-99fa-e31b2c01d358,Märta,Comerford,1/15/1985,ncomerford3q@booking.com,402-378-1958
ae2fac9b-ec1d-45f9-b571-236e6db589c8,Gösta,Cranham,7/15/1955,mcranham3r@yellowpages.com,104-769-4132
c41db558-3fea-44dc-883e-1ad600f77373,Torbjörn,McGowan,3/8/1958,rmcgowan3s@google.com.br,866-494-9333
61167c37-979a-411f-82e8-354e9b97c576,Mélys,Worgan,2/28/1982,fworgan3t@nyu.edu,145-735-6237
9b1d558d-4416-4476-95e7-8511e6391eb2,Médiamass,Illston,8/4/1973,millston3u@domainmarket.com,232-522-5401
414ab558-a1e3-4e95-b9f7-c9a6235fd200,Garçon,Rayhill,5/29/1977,brayhill3v@dropbox.com,236-785-0432
46022cc8-dc75-4bc4-97ab-1553366bd1e7,Cinéma,Antonio,4/29/1969,eantonio3w@washington.edu,771-192-2545
8f7c7e10-0984-4d73-8767-5e6dff648a44,Yè,Avramov,6/28/1935,cavramov3x@gnu.org,477-646-9691
f4818340-9557-47ee-b349-0a083cd09bd6,Aloïs,Murrie,4/19/1937,xmurrie3y@ox.ac.uk,399-913-9617
650e096d-f2bb-4ee2-b5ae-78e099281e40,Östen,Tabbitt,12/10/1994,etabbitt3z@yellowbook.com,580-854-5391
1aa1ab3e-cd42-49bc-8ed0-b9fcd3af14fd,Estève,Meritt,1/27/1971,imeritt40@barnesandnoble.com,878-807-3407
4eb0f7fd-c3ee-414d-aa13-4ed79889947a,Néhémie,Mealiffe,7/21/1984,imealiffe41@e-recht24.de,575-613-8489
e0877b71-b957-4a81-9265-2cd5bb813058,Yè,Ellison,8/14/2000,bellison42@soup.io,938-274-9420
2376c357-1b65-4b97-b675-e22a21c6b820,Anaëlle,Guirard,11/8/1928,aguirard43@qq.com,714-790-6447
196480e5-4858-430f-87c3-f517fea127e0,Hélèna,Cubbini,3/29/1927,mcubbini44@prlog.org,627-643-7897
ffc0e663-73fc-4a44-91f0-ee650c4a45db,Stévina,Dubble,10/25/1994,kdubble45@sina.com.cn,205-425-1385
deef8092-932a-4d34-802b-bcc9eed9bfc0,Mylène,Segar,11/3/2003,asegar46@hubpages.com,485-906-1154
5f68e626-8940-4e55-bdeb-7da12259d417,Séverine,Fishlee,4/29/1941,sfishlee47@nih.gov,698-221-3299
53f80109-af65-4f33-a270-36ab8a939a4f,Göran,Skitterel,7/19/1961,lskitterel48@buzzfeed.com,158-181-6015
83d1ae98-d440-4363-bf0f-68b316267559,Renée,Willimot,4/25/1996,dwillimot49@wunderground.com,312-645-5172
749911d6-e2f0-4800-8297-31838f35cfe2,Laïla,Millthorpe,9/4/1954,rmillthorpe4a@tmall.com,301-634-5162
d2eefe38-7d3d-4ce7-ab00-fcefaba0e960,Andréanne,Kynder,7/25/2000,skynder4b@irs.gov,225-790-3274
6e990c79-f9fb-42e1-9e59-8e4c1cdf103f,Aurélie,Rable,1/31/1982,frable4c@psu.edu,436-751-0438
acf40e27-cb83-4963-b5d7-fb6276d608e2,Gwenaëlle,Pinfold,9/21/1948,kpinfold4d@salon.com,373-249-3992
1a7942ba-779e-4467-8251-e28fe0624bd2,Maëlys,Adamowitz,4/15/1981,kadamowitz4e@google.fr,442-800-4977
c0ad1f8b-8e43-4953-a8c2-bdd6528623f5,Tú,Greggs,12/19/1978,cgreggs4f@cbslocal.com,330-590-6675
9388cc5d-72dd-4a26-949f-5794ff1e48ce,Joséphine,Koene,3/29/1925,skoene4g@sciencedirect.com,409-581-9795
af6c4e60-909b-409c-913a-1c8e2a544422,Léandre,Antill,11/19/1948,aantill4h@oaic.gov.au,749-592-0204
1bd99c8e-fcc5-4e03-8734-47e29c5562c3,Cunégonde,Andreopolos,2/24/1956,sandreopolos4i@mozilla.org,719-600-2704
3e73c5f8-9bec-4ec2-b3b1-bc9725bcdc7b,Aí,Vasyutichev,9/29/1923,dvasyutichev4j@google.com.br,624-171-7713
ca101dfe-92dd-4cf8-89b1-6c3d728769d5,Gisèle,Bransom,2/13/1956,hbransom4k@blogs.com,738-177-4114
ecc5744f-a9c0-49c5-b6cd-f5fd390e14e6,Måns,Paradine,1/25/1936,kparadine4l@jalbum.net,621-665-9334
1d2aaf20-966a-4ce9-a61e-2203652e9df2,Yóu,Lowbridge,2/10/1965,alowbridge4m@marketwatch.com,913-854-3528
14990a8e-7e8c-41b2-bab5-a17a73ad5ffd,Célestine,Tonsley,8/26/1999,atonsley4n@topsy.com,717-684-0939
721ce918-dd0c-4112-a6b6-90e90b6bf86c,Cléopatre,Minister,5/27/1982,tminister4o@ovh.net,842-749-1074
477006cb-d156-4c3f-9a38-d285ab74f34a,Maëlyss,Westphalen,9/3/1989,cwestphalen4p@chicagotribune.com,680-423-4313
d2eac96b-2725-4cb9-8de5-43ddb588b011,Stévina,Dumbare,6/29/2004,bdumbare4q@blog.com,453-798-7370
72a36d09-afe9-4b0d-9fff-0f2f257b5e78,Françoise,Stacey,12/21/1973,estacey4r@si.edu,664-241-5168
19bcbe1c-9f7c-4843-b951-f031afcb71a1,Célia,Redihalgh,1/3/1962,bredihalgh4s@tumblr.com,238-452-9425
35a2863b-9bd5-4ef0-bfa7-3d7671c57e1b,Yè,Balchin,3/12/2005,tbalchin4t@xrea.com,105-549-0012
67a50bc0-8a25-48b4-80ab-29f8bf42542a,Valérie,Wisker,2/12/1941,mwisker4u@google.es,327-150-2458
d574711d-2f7e-4d11-99bd-1af42a8be621,Pò,Sodory,7/25/1922,msodory4v@sun.com,335-333-8174
0485d896-3c60-4c0f-917f-38dabbcf3375,Noëlla,Pryde,8/20/1928,mpryde4w@icio.us,913-988-0347
4b913a64-f7bc-4864-81a5-ac2514919de5,Véronique,Frood,2/5/1998,lfrood4x@rediff.com,555-930-0971
65db5dbd-610a-4777-bdba-4c8d4f09453c,Mà,Farfoot,3/28/1973,afarfoot4y@fastcompany.com,864-911-6290
6da76cde-a1dc-4b0f-ad04-bd3c2dfdc10f,Valérie,Ick,2/5/1995,iick4z@google.com.au,587-284-8993
0901728f-7121-4521-a5c3-ccb7cf5027b5,Märta,Verriour,10/30/1957,averriour50@hubpages.com,771-634-6120
ca7c563a-73ea-49fe-8493-180bb0ed4daa,Marie-hélène,Megany,5/14/1922,jmegany51@xinhuanet.com,527-355-6350
1d630900-cd2a-4347-aeb9-c6622d5cdad7,Félicie,Labb,2/11/1964,dlabb52@constantcontact.com,602-511-2760
f780c875-07c6-4219-b487-8e21842f3eb9,Hélène,Peile,3/9/1928,rpeile53@paginegialle.it,159-427-1030
aed90346-3d70-4731-9ebf-eb41b5adc464,Méline,Saipy,10/3/1966,gsaipy54@webeden.co.uk,653-881-6999
eaa93561-3492-40f7-94f7-1fa61673201e,Josée,Satteford,6/1/1926,rsatteford55@yahoo.com,962-689-7639
6a4a9fda-9dfc-4425-b582-121d58abe113,Åslög,Goulder,7/11/1983,cgoulder56@imgur.com,756-678-2331
cdbc857d-8418-4af6-b05f-a031f777919e,Maïté,Mayow,11/26/1938,mmayow57@com.com,757-628-1717
36a88feb-6dd6-45f0-895f-faf8bf1cebb3,Lyséa,Finlaison,3/20/1940,bfinlaison58@mtv.com,897-579-1748
b9a373f4-0380-4fa8-ba5e-c0cee6f9a2db,Kuí,Rubke,10/13/1922,erubke59@icio.us,111-317-7394
476c6e52-285d-49a7-a6c2-9242701231a8,Marlène,Kirley,10/24/1954,skirley5a@ow.ly,650-225-8454
d6a947b6-4f4c-451a-a2f0-5123879617b5,Mà,Burcombe,11/27/1951,lburcombe5b@edublogs.org,436-898-1669
038ca96c-76e6-46bb-b064-dc4d8f7b0555,Laurène,Hum,4/22/1961,ehum5c@edublogs.org,946-101-1818
917530ac-587c-48a9-8c70-4957768d6114,Marie-ève,Gricewood,8/13/1968,bgricewood5d@msu.edu,825-483-5068
c536a38d-f99c-4668-b290-5dbafa83d7c9,Léa,Malicki,10/14/1994,dmalicki5e@hostgator.com,842-814-5512
a84937be-d139-46c0-9962-da9061a29b61,Clémence,Gwilym,11/14/1930,agwilym5f@pcworld.com,243-652-8670
ba58a4a0-5cd5-422c-a0e2-77b62614e1e5,Bécassine,Hursthouse,12/3/2003,rhursthouse5g@bloomberg.com,792-312-2141
2b7264e0-f618-4b84-a0c2-1d1ea2a77ee9,Örjan,Erangey,3/5/1928,eerangey5h@simplemachines.org,373-156-7409
3284f57f-e16f-43f8-8f85-610b7e21f47a,Ruì,Simeonov,10/6/1933,rsimeonov5i@weibo.com,675-393-9464
e479933e-8e46-4b52-9035-f2d104808cac,Gwenaëlle,Ratazzi,8/31/2000,sratazzi5j@berkeley.edu,307-820-5797
ce22978a-c6d7-4a4b-8572-637defb3cc4e,Méthode,Sommerscales,11/26/1962,msommerscales5k@stanford.edu,200-346-0138
7eaff38a-bde3-439e-9173-7681b7a364f0,Kù,Dakers,1/2/1971,bdakers5l@psu.edu,423-859-8099
732a0356-6068-48c5-9aa0-b703e844537c,Örjan,Mussotti,6/16/1974,mmussotti5m@upenn.edu,701-801-6983
9cac18b2-180c-4af2-9e7b-86a58928a6a5,Kévina,Motten,3/10/1936,bmotten5n@wisc.edu,938-322-8704
67110fe8-5268-4e78-a1f0-6eb8430fb303,Maëlle,Ebhardt,5/14/1969,pebhardt5o@whitehouse.gov,483-294-5096
c9845d16-d9ed-44ab-a217-33288a579959,Ruò,Blinerman,11/14/1935,ablinerman5p@aboutads.info,992-456-8771
815c36b9-2c16-4dd6-b37e-4a207e2a55e4,Fèi,Auston,12/19/1927,lauston5q@sphinn.com,663-775-9747
efbf6461-3257-4934-a3d6-71ada5b6d7a6,Naëlle,Braunton,11/17/1986,sbraunton5r@answers.com,195-650-2163
c6d146a9-95d7-4b33-96c3-b00085dfad09,Léandre,Malcolm,7/7/1929,smalcolm5s@hhs.gov,205-422-6180
e6942516-d5fb-4369-878c-5e43cbdf9cde,Cécile,Turney,10/31/1957,sturney5t@bbb.org,520-540-3632
31c61e02-870e-4512-b816-1684d23f3b25,Méng,Murley,4/13/1981,hmurley5u@google.nl,807-152-3068
cf065812-21df-4a61-9ec8-f5413332adfd,Cunégonde,Gelland,10/11/1976,mgelland5v@myspace.com,782-815-7663
6e72dab6-819c-4495-853d-5ad88243279d,Faîtes,Sore,3/21/1986,lsore5w@bizjournals.com,352-148-4450
212947b3-d76a-4c6f-8dba-31318328607a,Yú,Viger,2/10/1997,bviger5x@flavors.me,160-138-7012
8e401bbf-2335-42cd-a6a8-2fcc552b3cdc,Lucrèce,Elsdon,4/9/1933,delsdon5y@reuters.com,876-370-0792
fb325c07-1a2f-4bd4-9858-e0adee5c8a0c,Nélie,Barabisch,10/12/1945,tbarabisch5z@elegantthemes.com,220-570-3230
cb46da13-8149-4703-80c2-361323d76050,Gaëlle,Veracruysse,7/15/1935,gveracruysse60@com.com,629-524-5473
bdf8bb0c-b2d2-4c13-8158-fc999e7c6c8c,Táng,Chaloner,11/1/1997,cchaloner61@ft.com,790-574-6840
2b3e69cc-212c-4a47-9ffc-dd868de0c0d9,Eléonore,Kunneke,4/22/1999,skunneke62@prweb.com,996-542-6429
98b2b376-1861-43eb-ace0-25d3e6028f3d,Clélia,Bree,6/28/1971,wbree63@ning.com,359-236-9716
b1ea6b3d-1726-4211-844a-a932adb9b674,Stéphanie,Maycock,4/28/1969,smaycock64@sciencedaily.com,707-153-5757
601f2011-933a-4436-8512-3b8260fb1714,Sélène,Shutt,5/6/1989,bshutt65@technorati.com,593-307-0064
821bdcce-6ea1-4a92-a166-f1ae49bccdf2,Thérèse,Woodcraft,8/16/1943,kwoodcraft66@dell.com,792-720-3303
2b0547f6-f333-401a-8c51-58512f5b2732,Publicité,Conibear,11/18/1962,cconibear67@home.pl,269-105-1651
3e238195-1866-4d8f-ab21-7d4b3ad8156c,Béatrice,Eagles,2/20/1921,reagles68@istockphoto.com,575-899-1534
e2b266e7-d3ae-4acb-aa5e-1c53e70cf7ee,Léonie,Shouler,2/13/1931,cshouler69@bandcamp.com,271-713-4121
5ae141a8-1553-4ee0-ab2e-4d3a0165bcb6,Andréanne,Figgs,12/25/1957,afiggs6a@yelp.com,987-687-2372
01a79c6b-13f3-40e3-95bd-02df84993319,Géraldine,Iacoboni,9/11/1952,ciacoboni6b@comcast.net,391-835-4001
79ed57b1-7bd1-4ab9-9484-a6ccf0e61e98,Léane,Jerrams,7/4/2005,sjerrams6c@typepad.com,713-251-1167
bc6f7845-8e42-4f77-9437-f33919ad5f9e,Mén,Coy,3/4/2005,kcoy6d@sfgate.com,955-640-5910
75da10c4-e0b3-4853-a465-ac279f06b0f6,Célia,Sutherel,2/7/1960,osutherel6e@salon.com,546-560-0827
19a346f2-7fb1-466a-999d-6e7e48eadd81,Audréanne,Gerckens,3/24/1936,dgerckens6f@usgs.gov,210-680-1116
f22e2bae-1707-4c5a-86ac-e8eff361d9e7,Marylène,Venard,10/23/1942,mvenard6g@vkontakte.ru,511-492-0537
04c57bb3-8a64-465f-a123-358faf05d652,Noëlla,Mumberson,3/27/1940,dmumberson6h@blogtalkradio.com,370-246-1669
f1037607-96fa-4089-8ad4-fcf3d93160a2,Michèle,Dabling,3/28/1981,bdabling6i@usgs.gov,744-908-3565
e56b5983-48a7-4165-884e-4310b9728fb2,Léa,Glazzard,8/6/1999,gglazzard6j@dailymail.co.uk,488-217-7591
fc1d4234-c711-4143-9d50-c01a8677ee6f,Maï,Battelle,5/30/1955,rbattelle6k@google.cn,844-475-6467
653273a5-6804-468e-aacc-ee25a2b058ed,Marylène,Pierce,8/1/1998,apierce6l@psu.edu,224-921-5642
a2f4a31f-31fe-4c19-8d91-1728c07e37c9,André,Haensel,11/9/1982,bhaensel6m@posterous.com,951-320-3269
208696bb-6c45-4e17-8e36-cb40c8f87b52,Maïlys,Scanlin,2/11/1925,ascanlin6n@go.com,644-781-3326
c683415e-2c1e-4073-83e6-eba5742cbf45,Léane,Cannon,11/24/1941,hcannon6o@purevolume.com,266-818-2481
8da24ce8-5cd4-42b2-a322-118446e24205,Maëlann,Dibben,3/12/1970,cdibben6p@ebay.co.uk,841-258-0336
ba3317c1-fa46-49cb-98d6-219d9a62f07e,Estée,Warwicker,1/4/1974,kwarwicker6q@tmall.com,430-956-6675
cbc3fa40-d92a-4b0d-b2d8-c87b8dbc5192,Mà,Wasielewski,11/24/1961,gwasielewski6r@surveymonkey.com,573-313-3933
c2c537c5-4a7d-45f6-9c02-c99b9cba737d,Laurélie,Dallyn,12/3/1928,jdallyn6s@jiathis.com,539-856-1295
1c2cc71a-bec3-4b9c-83e1-509c1b0f459d,Géraldine,I'anson,2/1/1949,bianson6t@sfgate.com,706-504-8080
730a7974-c805-4949-84bf-dbaf41d512a0,Cléa,Wishart,1/6/1942,ywishart6u@infoseek.co.jp,424-999-2254
95e535b1-fe77-46c2-8bcb-018865ceda4e,Loïs,Natwick,11/8/1999,anatwick6v@reverbnation.com,489-948-8392
e5baac79-b533-49cc-b9ae-642755be3d4b,Bérengère,Janaway,12/23/1970,bjanaway6w@nba.com,519-778-2689
997662ed-a342-46c0-a91f-51dfb2ccd0ec,Liè,Kelemen,1/20/1967,akelemen6x@nps.gov,317-695-3932
7eb727fc-d01e-4817-9c60-823fa8b8d238,Laurène,Tumber,3/24/1985,ftumber6y@woothemes.com,397-761-4174
b4a4216a-2e69-4b56-8bcb-343a946c0aa5,Adèle,Piele,10/30/1962,dpiele6z@cafepress.com,297-503-7259
72350ee2-7fde-4fe9-bdf9-d3ce8a028a1a,Mårten,Dufaur,4/14/1988,ldufaur70@behance.net,801-237-5736
ada4b144-3f7a-49f8-8ffd-659e22c9fe9f,Publicité,Arnhold,10/13/1970,garnhold71@who.int,602-590-6953
faa9860a-8149-4ee4-ac4a-1c7b05e26798,Séverine,Whanstall,7/4/1986,jwhanstall72@zimbio.com,425-270-3277
9ce02073-6f27-46ba-838a-dc1165b5293b,Audréanne,Corragan,7/22/1952,jcorragan73@epa.gov,173-677-3782
4bf891d8-9455-4ac6-84b8-dbf7331aa1e8,Anaël,Pepin,2/28/1974,tpepin74@bing.com,481-538-1000
a40a6717-6c3d-46ed-948f-be6008a885ae,Personnalisée,Wooffitt,7/1/1928,lwooffitt75@woothemes.com,960-307-8078
69c62b88-769a-4dc3-acdc-cfa919a665de,Valérie,De Andisie,8/24/1992,ideandisie76@ow.ly,289-398-4649
091c4914-a290-43c8-a451-c10d66e8077e,Bérénice,Staite,1/8/1953,kstaite77@nhs.uk,477-532-4345
07e96e48-710d-4275-bd79-6e7d50eec7c3,Bérengère,Grzelczak,6/18/1945,bgrzelczak78@cmu.edu,215-662-5558
2e2c25c6-5043-4ecb-a688-f9d4e685dfd1,Mélys,Treversh,7/31/1948,streversh79@bbb.org,564-166-1440
c8166d9b-54d7-4b27-83c5-7d172d86fca6,Stévina,Fanning,10/30/1961,cfanning7a@amazon.com,431-723-3571
72f3dc95-9f6b-45fa-84db-9d5638a39793,Mélodie,Dods,12/2/1940,cdods7b@geocities.com,362-255-2620
11dbc234-8643-431b-b7ae-ef39b6e9d2ec,Laurène,Muriel,11/30/1953,pmuriel7c@xing.com,639-611-8458
43241760-71db-4919-a135-dba685a41ecf,Kévina,Le Franc,6/14/1992,rlefranc7d@macromedia.com,176-748-3454
d18a0a49-67b9-43eb-9097-3e8a4d481d27,Daphnée,Kneeland,1/10/1952,okneeland7e@icq.com,865-784-8194
7c85b522-d0dd-4e5c-8677-9de93855aa1e,Séréna,Hambright,3/31/1968,thambright7f@4shared.com,319-851-8979
934d6bae-0aff-4240-8001-a2f0dec5bd9d,Dù,Padrick,6/5/1967,gpadrick7g@uol.com.br,935-903-2859
f5a09a1f-0d91-4129-a902-2f14afefa0cf,Cécilia,Buckland,7/2/1942,abuckland7h@i2i.jp,415-330-4353
df0e68c9-4f9c-4464-aba7-dc1a180e8bb0,Audréanne,Rawlings,7/9/1938,krawlings7i@rakuten.co.jp,896-981-8426
afa4c748-04c0-4cea-b22b-74223fcda297,Anaëlle,Skune,12/21/1946,mskune7j@census.gov,771-390-1892
9e205634-d226-45d5-ae58-55fd37f6909b,Félicie,Bartolomieu,9/14/1986,gbartolomieu7k@oracle.com,410-588-4012
166693d4-a792-4566-ad80-42a902c13764,Görel,McIntee,9/5/2005,amcintee7l@slashdot.org,490-751-8533
2edb3b11-79bb-47ac-9ab5-bff4839d2dbb,Edmée,Natwick,6/21/1954,bnatwick7m@dion.ne.jp,643-553-3982
40dc719c-5575-4dfc-af91-bbede1e3e3cc,Irène,Digginson,12/24/1936,adigginson7n@qq.com,173-914-2973
12194b38-fa17-489a-8373-73ad17b49e21,Mélissandre,Challicum,4/8/1959,echallicum7o@networkadvertising.org,929-985-2333
1fcd80b3-dc12-4572-9c36-ae64e52fd8e9,Judicaël,Guite,2/7/1994,bguite7p@who.int,863-834-9531
faa1f410-33f0-4dd2-a7e4-78c6cf7addee,Eugénie,Costello,2/5/1929,acostello7q@ezinearticles.com,431-376-6625
0af8967d-b6cd-4f0d-a509-45cf9b3bf33e,Zhì,Challenger,4/15/1970,kchallenger7r@amazon.com,807-548-0469
6c8ecf1a-8378-4282-93c4-c32336d80f12,Océane,Ridgewell,2/25/2000,dridgewell7s@wikimedia.org,674-443-6651
42babf5e-8357-4b34-9234-2b05f90c7eb0,Björn,Blanchet,4/27/1991,lblanchet7t@squidoo.com,324-477-8199
b9d6ed98-d336-4ddb-9afa-6e563e70567f,Lucrèce,Ivanovic,7/23/1971,civanovic7u@usda.gov,843-541-9791
77a7148e-bda7-4a4f-bb91-9936641c2bc2,Åke,Tomovic,9/23/1954,ltomovic7v@goodreads.com,871-174-0649
b13245f2-d695-4fba-a5af-9c8cb1197984,Agnès,Caron,1/20/1979,ccaron7w@storify.com,182-952-8589
7e618d9a-25ff-472e-8fdd-8712150ed0af,Noémie,Elloy,4/15/1986,felloy7x@live.com,833-600-3088
cbae8ab9-ee87-4691-ae2f-8b977f124119,Médiamass,Befroy,9/4/1988,ibefroy7y@google.com.br,906-981-3652
29b3425b-13cc-454e-af5a-ae7e94760ab8,Almérinda,Mateuszczyk,8/10/1950,jmateuszczyk7z@example.com,164-545-1752
fdda46f6-8a51-4634-ab98-192e9f7afd5b,Måns,Ilchuk,9/17/1983,wilchuk80@scribd.com,133-201-6676
b38c4cd3-eab8-42da-9791-b78a9c9ae677,Nuó,Seabert,1/9/1983,bseabert81@bing.com,451-736-8141
a97e7824-4206-452e-87b4-f8913a9cab45,Laurélie,Burnet,6/7/1943,hburnet82@nydailynews.com,708-305-7456
647ad92a-2e78-4fdc-9244-66f69e7f38da,Gwenaëlle,O' Shea,3/17/1992,ooshea83@prweb.com,880-256-1729
95685280-57f8-4533-b900-9f3474077b19,Eliès,Bullcock,2/24/1979,mbullcock84@bandcamp.com,447-812-6709
5e7f8f63-bf93-4ff5-b30b-d0cb161f2823,Véronique,Daber,1/29/1954,bdaber85@stanford.edu,603-261-2736
262f05b2-c5e7-4233-bafe-d9bd6ce81a11,Michèle,May,6/7/1966,rmay86@zimbio.com,214-419-0769
d3516a5a-075c-4d8a-be06-136bd9d05c5d,Cloé,Corbyn,12/1/1951,mcorbyn87@gnu.org,778-216-7247
69dbaa93-d2c6-40a7-8cfe-4f5e36abad7a,Táng,Osmund,7/1/1955,posmund88@exblog.jp,424-594-0669
b5543478-b1d0-44a3-a657-161ce356c191,Cunégonde,Murtagh,10/11/1924,tmurtagh89@github.io,843-761-0708
ac1cb376-8f6d-44c8-97e5-496e060704de,Maïlys,Tombling,7/2/1993,btombling8a@nbcnews.com,427-114-4805
2d8605a8-8366-4a5b-a6a5-0d6fcf2e34c2,Nélie,Heinschke,1/19/1963,theinschke8b@livejournal.com,160-402-0422
c3cf4277-68a2-457c-bebf-1503a4e9e7f9,Lài,Camillo,6/18/1945,fcamillo8c@sogou.com,610-871-2060
d083d977-4f0c-4dda-a259-96eaff7f631f,Mylène,Iron,6/2/1978,giron8d@etsy.com,155-670-6179
93cca6ad-38c4-4e25-8729-e3952c3f34ae,Östen,Bennet,2/5/1971,bbennet8e@toplist.cz,233-384-6393
550db159-a694-4489-accb-bb1b07659224,Chloé,Marskell,6/2/1932,dmarskell8f@cam.ac.uk,525-800-4725
b86fda54-0c3c-4b71-8c87-8d78b88a2cde,Maëline,Pincked,8/30/1981,jpincked8g@globo.com,761-782-8069
86067a7e-7c0b-456b-bf44-b1421786160a,Gösta,Kubiak,1/1/1978,tkubiak8h@nyu.edu,126-259-4961
5032dac7-59c7-445f-8e97-d546bbb549a8,Josée,Rewbottom,8/20/1938,orewbottom8i@studiopress.com,862-141-8440
6df303b1-4ce7-4be8-9c80-be46a367c0e3,Audréanne,Jumont,9/2/1923,mjumont8j@arizona.edu,533-262-9300
1eb46a66-f57b-4e65-8248-9f738ce85a90,Dafnée,Tillman,12/21/1993,btillman8k@pinterest.com,626-277-8001
d5180571-84c6-4e66-a20e-f3e505ecfda5,Marie-thérèse,Peddowe,8/21/1982,kpeddowe8l@wordpress.com,353-335-7162
637d51c1-f74e-44c3-83ec-6c50bf6d55f1,Zhì,Casburn,4/12/1959,lcasburn8m@marketwatch.com,689-882-6578
cfc5b9b4-79d1-49a7-b604-b3881b33d9c2,Annotés,Augustine,7/29/1956,raugustine8n@instagram.com,974-330-3996
7f6e00e4-b063-430f-9856-8c7d70976baa,Sélène,Clissold,12/12/2000,pclissold8o@newyorker.com,800-555-2933
aa372bc0-f824-46b1-a027-ea854a4a25c3,Marie-ève,Archbutt,8/15/1955,aarchbutt8p@xinhuanet.com,657-269-8332
b21ed5f5-2786-473d-afba-4b3af6b6b01a,Léandre,Lailey,3/12/1939,wlailey8q@slashdot.org,247-143-8697
2c904657-8521-42a2-a2da-394d35c623d8,Anaïs,Govan,8/3/1969,bgovan8r@booking.com,913-724-5436
bbe53edb-8f43-45ee-af1d-922e01b30b0c,Estève,Gladtbach,8/26/1974,lgladtbach8s@hibu.com,534-154-1397
59faf263-bf9d-4eb7-bd4f-4e1533ba16cd,Geneviève,Camplin,9/26/2003,ccamplin8t@altervista.org,320-518-5130
0ee23441-ca93-4655-9aeb-556b48b3de41,Fèi,Knagges,4/1/1964,kknagges8u@ucla.edu,294-115-0621
2e04d940-5b66-4526-8123-8d7c38180b34,Andréanne,Krahl,4/7/1950,dkrahl8v@jimdo.com,391-104-2265
f351bfbb-ed05-43db-9474-e4cfbcb06c59,Märta,Todeo,2/22/1924,dtodeo8w@flickr.com,306-724-0995
46dfcc0d-d201-4e8a-91b9-0c9749a1c114,Adèle,Androli,11/26/1964,kandroli8x@canalblog.com,788-712-4683
e2a8106d-e2c8-4be2-8222-305880ca07fd,Maéna,Coaker,5/21/1935,vcoaker8y@indiegogo.com,989-781-6986
7dc1e963-605e-40dd-9bfd-33e77486262c,Kù,Tonge,12/5/1966,gtonge8z@bravesites.com,608-173-8840
5d77a622-1a4c-48c6-9c6f-6d83366de65b,Lyséa,Shortcliffe,1/27/1933,ashortcliffe90@printfriendly.com,990-809-9948
e92f2b48-60f2-409e-93c5-ecab444af4ad,Méng,Brosetti,4/19/1925,ebrosetti91@dropbox.com,941-214-0283
ab76c63d-f929-4362-9850-58478445460a,Félicie,Maudlin,11/1/1934,jmaudlin92@gov.uk,870-753-0792
60515b28-a036-410a-8ad0-9fa25729bf5a,Maïlis,Spensley,3/12/1985,jspensley93@wsj.com,363-675-5403
9e8dc837-40c8-4099-b589-59cc9cbe8cdf,Léone,Quantick,5/21/1994,tquantick94@home.pl,986-551-8541
c9283429-b394-4839-95f6-edb1381fe6fb,Mélys,O'Shiels,1/26/1936,koshiels95@phoca.cz,960-454-3688
08a93d11-7392-4ff3-bd83-1cbb076ca81c,Cécile,Weeke,1/5/1956,fweeke96@hibu.com,735-940-9766
ee2da146-4065-4745-bcce-a312dcc2a809,Anaé,Larraway,9/15/1958,slarraway97@skyrock.com,562-341-3764
1df8961c-3131-46cb-905a-2bd2e0abfaa9,Aimée,O'Brogan,8/1/1948,cobrogan98@cornell.edu,649-600-5513
290983eb-bfb0-4999-8846-2428e6beef90,Loïca,Dart,12/24/1935,adart99@umich.edu,490-476-9859
5c468de0-2a45-4270-a9f4-f66f92a18c19,Mélissandre,Lemmen,7/10/1959,dlemmen9a@nba.com,417-738-9517
8f8a176b-8e72-4f67-877e-124b6d4b2e42,Gisèle,Elener,4/15/1985,aelener9b@gov.uk,874-534-6446
f79668c2-024a-49b8-9034-6a384ce19f9f,Josée,Finn,11/26/1922,kfinn9c@fema.gov,744-892-3794
d3ea29af-00fb-4edd-8976-a62c43a2dc43,Loïs,Tester,4/15/1961,btester9d@bizjournals.com,966-781-9180
22d30397-7c7c-46c1-aec9-b5c9601d2a64,Régine,Ravens,1/24/1928,dravens9e@goodreads.com,964-346-7665
b58b7f63-91b3-44f5-b97e-871d78872b11,Gaëlle,Atack,9/14/1978,iatack9f@oaic.gov.au,198-859-9757
15dad8d8-825d-4d57-b844-95c6c1bfd0c9,Méthode,Floch,7/27/1961,gfloch9g@arstechnica.com,963-129-4887
5b1eaea0-b35c-4ffa-8abd-3be9ed8396b9,Laurélie,Kleiner,3/28/1998,rkleiner9h@tumblr.com,284-666-5557
556f2158-29ac-439a-9bc3-cb5dfba87b55,Gaïa,Brehault,4/18/1945,abrehault9i@aboutads.info,949-318-1782
e910ebc8-80ad-44b7-a2f3-c4c8149f8e72,Yú,Maddrah,4/12/1975,jmaddrah9j@parallels.com,109-542-9623
01be5645-2a36-4b86-9f44-74986206418d,Véronique,Stitcher,4/29/2005,bstitcher9k@mtv.com,483-442-3258
86980cf9-40f9-4271-94f7-d7f638ef8587,Danièle,Matijevic,8/10/1968,bmatijevic9l@360.cn,459-228-2903
f0dcb0c3-4e3a-49b7-b22b-dce9d0a45a05,Réjane,McAlinion,10/6/1960,amcalinion9m@com.com,939-641-0301
b904aab4-a899-4a9a-a0e8-a7eb33d7575b,Naéva,Prewer,1/1/1971,jprewer9n@infoseek.co.jp,806-847-1314
a7f52dde-0d2a-4e5e-8215-3f93d19d938d,Solène,Felten,2/6/1952,gfelten9o@smh.com.au,983-170-6114
63df4861-bdc2-4542-859b-7477a9aac73d,Agnès,Joul,8/4/1937,gjoul9p@feedburner.com,778-407-8713
3ce6e662-47de-4a86-a652-021353049be0,Crééz,Dickenson,12/23/1991,gdickenson9q@163.com,283-799-9764
d49bb409-5e15-42f5-b666-8228a657bbd0,Gisèle,Andrusyak,12/7/2000,kandrusyak9r@census.gov,667-552-0038
abe21bb0-6661-4286-b277-9ee8c28833cc,Réservés,Raleston,2/2/1979,araleston9s@pbs.org,350-223-3802
d81a19d8-faa1-4dc5-89fb-c89817771196,Adélaïde,Gabler,5/23/2002,jgabler9t@amazon.co.jp,498-748-7154
dd1ee4fa-ff62-4765-9a9c-c840d8653da3,Mélodie,Tanby,4/11/1993,stanby9u@imgur.com,273-578-6039
bf80304d-d6bb-4861-976d-1b617f4ad130,Célestine,Blunsen,11/10/1953,kblunsen9v@weibo.com,271-580-5544
7a5e73e8-aae9-4283-a823-84e6c6fd56e9,Andréa,Tungate,8/14/1985,ntungate9w@sina.com.cn,395-960-2695
94345d17-d49c-42c5-af0e-d91ba3bc3541,Mà,Oddboy,3/2/1941,aoddboy9x@amazonaws.com,813-882-5784
3eeeacea-4667-453b-81a8-c1b9e9a5e853,Lóng,Andryushin,11/13/1948,candryushin9y@sciencedaily.com,331-432-9331
3f639775-184a-47cd-83f1-7c22b22e8f3b,Céline,Miranda,3/1/1947,cmiranda9z@umn.edu,275-411-0055
3ed298dc-a3f3-4c50-82ab-97d8d65a5133,Táng,Swiggs,8/1/1948,kswiggsa0@seattletimes.com,465-858-4798
8609be51-f2f4-48aa-90d1-5e3cb8c6e5f5,Océane,Fabbri,8/25/1992,hfabbria1@scientificamerican.com,380-857-8377
cc552d93-7621-440a-b70d-9b6d5baf3191,Laurélie,Kellett,6/29/1985,dkelletta2@oracle.com,779-919-9398
a9ca2fde-6332-4669-8744-c321058ccba4,Östen,Beesey,8/5/1966,wbeeseya3@webnode.com,862-571-9542
3c375b81-0fc7-4298-82e2-9b37051ab763,Yáo,Race,1/17/1946,wracea4@e-recht24.de,584-999-4313
20e3e065-ad9c-4988-b580-6211d6e7d8f4,Marlène,Sockell,3/20/1977,gsockella5@elpais.com,956-882-2289
c6ac1a7a-9621-4f01-988e-5414ef0de12a,Pélagie,Ravel,3/24/1955,kravela6@cdbaby.com,557-461-5544
1658dc40-9034-419b-a3e7-ed2beaf18c34,Athéna,De Ruggero,4/14/1991,gderuggeroa7@businesswire.com,212-527-8513
ec144047-1213-4a5d-b4c6-f3b785ec9f1f,Médiamass,Pitkeathley,2/13/1996,rpitkeathleya8@cdc.gov,776-145-0748
680deafa-87ad-4546-ab42-22a26c22fc94,Mélina,Louis,5/17/1991,klouisa9@oracle.com,650-794-9284
6031e605-7854-4c01-a1c2-c13275615200,Vénus,Shorie,3/10/1968,lshorieaa@g.co,695-492-9959
5436d6b6-7f6b-4882-a48e-519e08737b22,Lorène,Tampin,4/26/1964,ntampinab@mayoclinic.com,213-365-8756
98285303-ebe5-4f0e-b68c-5015f15b4099,Fèi,Cheale,5/30/1948,wchealeac@psu.edu,181-624-5649
d82b6c96-6be2-4342-95a4-130365f56c81,Björn,Egginson,5/22/1982,degginsonad@jiathis.com,311-737-2786
751968fb-1142-4526-bf39-6a83268d6694,Agnès,Rowney,1/1/1933,prowneyae@naver.com,129-465-8411
d033bc33-a7cb-490a-913b-3c20e94cf4e0,Eléonore,Pleass,7/9/1961,gpleassaf@prnewswire.com,706-199-8672
ee0181ab-a0f6-47d9-a748-229ae60b2be5,Estève,Setchfield,9/23/1994,dsetchfieldag@domainmarket.com,562-290-6741
100dd655-853b-4a5b-8038-5cc81d9eb4bd,Annotée,Danels,11/4/1941,hdanelsah@nytimes.com,363-599-3212
c15554d5-62fc-4da7-9025-bf1c0c0e9f02,Bérangère,Skillett,10/7/1952,hskillettai@skype.com,142-318-2155
37a0aa1b-7500-404a-a200-d9572e7a7fb7,Anaël,Wesker,10/10/1967,pweskeraj@nbcnews.com,170-608-4252
2be3d647-f29e-4e1d-8d5c-01e5fd695122,Néhémie,MacGrath,8/10/1955,emacgrathak@yellowpages.com,127-903-5002
9dd3d051-5edc-404d-a11e-c25029842b6f,Rébecca,Coldman,3/1/1987,ccoldmanal@yale.edu,739-459-6835
709c2ad2-6a63-4055-aa5e-dd7f8ab3582d,Marylène,Rosenzwig,3/14/1978,grosenzwigam@ovh.net,968-249-9216
0583fde7-8c51-4417-8e4a-0cfd1b33ba5d,Alizée,Checkley,1/18/1931,lcheckleyan@europa.eu,359-305-0497
02a9adab-d14b-47cb-85f3-17f2d1f4b66e,Lén,Frostdicke,2/15/1979,lfrostdickeao@ask.com,177-199-0636
28fa2cbb-c63e-4d0a-abd8-90405cc02a96,Aurélie,Thickins,12/15/1962,sthickinsap@a8.net,478-489-0411
5cbc9341-0a57-4ba3-b258-67fb492ff682,Vérane,Grocott,11/2/1929,lgrocottaq@statcounter.com,357-228-7889
ecd1b291-53fe-4535-a64e-92546ac3a805,Cléopatre,McInulty,8/9/1945,jmcinultyar@cargocollective.com,492-578-2532
9084884c-ed83-47b3-a922-1543d6ff0ec7,Maëlann,Chainey,3/12/1932,rchaineyas@uol.com.br,810-290-3820
effcfc0b-2ed7-41b9-b923-ff926e70f9aa,Estée,Ansteys,5/10/1923,gansteysat@dion.ne.jp,592-691-3840
cf1a790c-93cc-4257-9590-aa39041feff5,Marie-hélène,Gooderson,2/17/1932,mgoodersonau@g.co,606-880-3477
f01dfb38-ca39-4230-a8f1-452afe296ceb,Fèi,Artharg,11/24/1944,darthargav@sun.com,413-823-5074
a8092cbf-5e68-4ca7-816a-9e23a094c968,Nadège,Saye,4/16/1931,asayeaw@sun.com,887-918-7688
0d6b028c-4fd6-4383-8bf9-343b5be8044b,Maëlann,McIlreavy,9/27/1972,mmcilreavyax@nba.com,523-498-9309
e5630838-a39b-4543-920d-544946bb5427,Pénélope,Weinham,10/10/1931,cweinhamay@goo.ne.jp,394-541-1081
a5b6875e-214b-4d6b-83a3-7fb7b1a48e37,Judicaël,Lambot,2/26/1976,nlambotaz@about.me,162-658-7247
7d570fa7-422e-4855-ae01-2856cedb6c21,Cécilia,Quaife,9/17/1946,aquaifeb0@edublogs.org,767-902-1661
bbf518cf-752a-4709-9bed-35f9a57f6460,Gwenaëlle,Bromehead,2/23/1965,hbromeheadb1@dot.gov,728-619-9525
a7caee4f-bcd7-493c-831f-a0a7552afffa,Léonore,Hodinton,2/18/1973,ehodintonb2@mapy.cz,812-626-6002
3c9ddd20-86e7-45ea-aa85-0c4e02d019a3,Céline,Tortis,1/9/1981,gtortisb3@arizona.edu,140-917-7128
5121d730-cb9b-470f-a796-530bbc2ec1cb,Yóu,Spruce,4/15/1925,rspruceb4@twitter.com,447-246-5016
4222eeeb-7e5f-45c6-9e4b-f8682bd9085d,Léane,McWilliam,3/24/1938,emcwilliamb5@youtube.com,620-661-4757
436721d4-c55d-4c17-a9ab-8fbc4db14234,Åke,Coskerry,11/22/1985,mcoskerryb6@mlb.com,840-625-0065
2ed20336-ffea-43be-87cf-60536296fdb1,Fèi,Shearn,1/21/2002,jshearnb7@china.com.cn,286-999-1603
6b081667-1966-4a30-b5a6-fd2608e0ebd8,Edmée,Karpets,11/12/1969,akarpetsb8@smh.com.au,660-758-1192
544f0150-7202-48ef-9dc5-3674e2737bfb,Adélaïde,Gonsalo,8/10/1976,mgonsalob9@biblegateway.com,341-530-1166
6dba47b3-6096-4fa2-89b2-22b5c546099e,Maëlla,Rottenbury,10/20/1975,trottenburyba@globo.com,245-302-8613
8107b8c7-db21-4f8b-bb2a-da309beaa660,Maï,Phython,8/12/1931,gphythonbb@ftc.gov,348-258-0104
16e8242f-f594-463e-a12f-830e0399fbb4,Maïly,Pauluzzi,12/22/1994,vpauluzzibc@wunderground.com,864-274-3016
ecaf1d1e-d068-49e2-b146-f1aebb2af879,Kévina,Albers,11/14/1973,palbersbd@google.co.uk,987-777-7696
3607a51e-1f65-436b-b755-af350d12132d,Marie-ève,Nancekivell,7/3/1946,bnancekivellbe@yandex.ru,810-138-9821
9443bde5-cf33-4e11-b185-3c8d99ce769c,Laïla,Pulbrook,11/18/1980,dpulbrookbf@wunderground.com,770-852-0469
2cdf050a-c855-48a9-8dc3-ff37ffd784ed,Pò,Gyford,10/30/1996,rgyfordbg@t.co,898-764-2786
106dabc6-70c7-4f31-a35a-26f0bad6990d,Lài,Dyerson,9/4/1938,cdyersonbh@vimeo.com,556-264-3880
b455d0b1-bcc2-4cfe-a76e-ee6a9e46dcc7,Maïté,Lugg,10/27/1955,cluggbi@arstechnica.com,807-967-7402
9e49a6d1-d7d7-4c4a-9e5e-bfa1d5674a45,Mà,Quirke,12/30/1948,mquirkebj@studiopress.com,627-430-6876
8ac3e8be-b1ae-4fd8-81fa-458737826c8c,Séréna,Gookes,2/24/1933,agookesbk@theglobeandmail.com,316-984-6356
21c6de02-6340-49c7-9766-1a4d5b4ac618,Lorène,Greensall,8/8/1951,ygreensallbl@wordpress.com,735-580-6418
dd73fe33-2cd1-4b24-b1b4-f2030ae33079,Léonie,Grevile,3/21/1998,lgrevilebm@discuz.net,568-469-9045
3e860d65-3804-4784-afcc-aa672ebde3e1,Simplifiés,Casebourne,2/5/1953,dcasebournebn@slideshare.net,884-434-4843
dfe85205-d9a6-448b-8686-ff6610f06f4c,Noémie,Abramowitch,4/6/1976,wabramowitchbo@mediafire.com,586-751-6838
4e4cbcd7-e6ed-4d3b-945a-6aa2bafe9c31,Dorothée,Hoggetts,1/4/1977,ehoggettsbp@biglobe.ne.jp,304-197-8856
dc73e5e8-fc74-4d2f-914c-7531417830b5,Cinéma,Goatcher,6/8/1934,bgoatcherbq@narod.ru,884-290-6868
2fad3017-eb08-44c2-8eea-0ded120d9265,Mélanie,Goghin,4/22/1969,rgoghinbr@youtu.be,303-684-2203
1f501250-7053-457a-b388-9f709b9e9ec9,Styrbjörn,McElhinney,8/20/1955,dmcelhinneybs@e-recht24.de,525-279-9129
1c097f98-e1b7-4736-b8b1-f9e31771742e,Méthode,Perren,10/21/1937,lperrenbt@purevolume.com,702-110-0655
0cf2d7e9-a3ed-4282-bf07-1d7408f682b9,Táng,Van der Mark,12/2/1953,mvandermarkbu@is.gd,794-153-2947
a1ea7382-ee7e-4414-b270-54052d3e0f89,Noëlla,Diggles,1/13/1996,adigglesbv@wiley.com,537-575-9293
1db8f698-26d1-4951-8159-a6c50f313120,Marie-françoise,Corcoran,12/22/1920,hcorcoranbw@wix.com,439-491-7266
eef6e6fb-7fc1-471b-af01-3103bf3ef441,Tú,Hugill,9/16/1995,jhugillbx@dailymail.co.uk,725-904-7969
6596316c-2863-4883-bebd-76b84ad64ebe,Cécilia,Silly,1/19/1971,jsillyby@bloomberg.com,764-886-0782
f04ef003-6701-4675-a2f5-f1a38f4f48fc,Personnalisée,Lockett,10/18/1954,slockettbz@storify.com,972-854-8701
d6e379b3-d940-4a96-a0c8-31d3ce8e172a,Ruò,Standbrook,12/27/1952,pstandbrookc0@unesco.org,276-705-0890
9ccb1683-a9e2-4403-a71c-649fbe531d0a,Eloïse,Brittain,8/10/1933,lbrittainc1@hud.gov,140-894-1249
b5c69d57-d50f-43ba-b579-9849f0a8f984,Marie-noël,Gerault,8/26/1993,ggeraultc2@prlog.org,751-177-5511
a93812dc-1536-45e8-ad4e-6735b002ca45,Måns,Clohissy,2/21/1976,cclohissyc3@dot.gov,275-135-7393
2665d644-1c58-425c-ade6-6579effecdd3,Jú,Suggitt,12/16/1996,ssuggittc4@arizona.edu,581-229-2121
014171dc-a81f-4d43-980e-a2630c4a9b81,Kallisté,Jurgensen,1/5/1950,rjurgensenc5@msu.edu,713-794-2223
1c2783d3-5edc-4e5c-8332-fb16e7d45da4,Dafnée,Hickinbottom,4/17/1977,rhickinbottomc6@patch.com,833-750-1430
dc8e243d-c002-4d69-8b02-5ea11f5ee67f,Lauréna,Garrood,7/3/1967,sgarroodc7@bloglines.com,839-374-7574
605558f0-f91e-4d38-96a0-ff09b81edfa0,Béatrice,Wickstead,8/4/1929,swicksteadc8@amazon.co.uk,325-636-6106
3d4e9d5f-b0b8-4696-a053-b88d04a70315,Lèi,Cardnell,11/26/1982,mcardnellc9@ezinearticles.com,498-307-4088
80d23163-a164-4754-8dfe-68053dfa6e7f,Dorothée,Newbigging,2/24/1933,nnewbiggingca@webmd.com,892-733-1939
615c53e2-3d4f-4673-8524-4f3ab4961ee8,Stévina,Saill,1/16/1983,fsaillcb@multiply.com,733-589-8358
8b054bb0-322f-4b13-935a-d74b890de05e,Josée,Baseggio,2/6/1938,jbaseggiocc@sourceforge.net,397-766-8202
5a6984ba-004e-4aa7-86c1-dc86c6993c38,Loïc,Lamasna,1/2/1947,dlamasnacd@utexas.edu,266-241-6026
e14544ee-0a66-4468-b818-c3ff1e0daf84,Hélèna,Gricks,9/12/1943,egricksce@google.com.hk,650-345-1858
053f3ed7-55d8-4771-b5af-999a98b272c2,Clémentine,Cotsford,3/22/1928,pcotsfordcf@miibeian.gov.cn,103-941-2177
31f19357-31b0-4fff-8b4d-d3c467429cc0,Märta,Wickes,7/16/1931,vwickescg@mysql.com,804-771-2962
a7fbbe62-0482-4e49-be36-7b55edf79151,Léane,Webborn,5/11/1928,cwebbornch@fotki.com,212-252-1009
580b0230-9d68-4ae1-9f2e-597a79d73168,Salomé,Perel,6/19/1928,lperelci@lulu.com,988-353-6362
d4f13777-7ab6-4686-abbd-bef0e521bb86,Maëlle,Dyerson,10/13/1993,ddyersoncj@harvard.edu,208-946-4698
a2d592bc-3a2f-4dc4-8fbf-6e9986bc7132,Loïc,Sheriff,4/2/1978,jsheriffck@angelfire.com,527-749-4934
65153644-ee24-4aff-b205-bfde7e243e16,Sòng,Pleasaunce,1/21/1978,gpleasauncecl@census.gov,747-459-2734
966680a4-58dd-47b1-bb0b-ebf11f79c511,Valérie,Kirrens,2/27/1996,pkirrenscm@google.com.au,469-604-3048
42e0eb7e-acda-4db8-b95f-98cec2b2e5ef,Naéva,Lapidus,3/9/1972,glapiduscn@istockphoto.com,414-539-8860
683d665b-25f1-4546-ae6e-c99a82fc14d8,Amélie,Casarili,5/22/1944,pcasarilico@amazon.co.jp,816-865-4130
e6ba14ea-400e-45a6-9c65-345b6ed9b93c,Océane,Ayliff,1/3/1967,aayliffcp@mayoclinic.com,493-830-0537
0a5aa3de-8a69-4876-ba77-387102eb7cca,Maëlann,Woodward,7/24/1973,ewoodwardcq@accuweather.com,755-394-6067
56401de9-c479-4071-99b0-85ee5c5fe366,Joséphine,Iorizzi,7/2/1987,fiorizzicr@sciencedaily.com,141-866-8705
d7762c2f-5b08-48a7-a991-f7c136054d3c,Táng,Reichelt,6/7/1925,hreicheltcs@sogou.com,636-494-0349
dca997c3-c2e6-474b-b20e-c32abf420dd3,Personnalisée,Letterick,7/18/1967,cletterickct@mysql.com,387-145-7005
87de8c29-fbfb-4115-80c4-6569c44763fc,Séréna,Farren,11/18/1972,jfarrencu@usatoday.com,677-131-6559
635e82ca-c930-449f-ab29-9ff71087c6ee,Mén,Umbers,1/5/1997,kumberscv@amazon.co.uk,688-802-1530
6e6ea92c-26d9-4325-aef8-52c4f369149b,Desirée,Julien,1/30/1990,mjuliencw@odnoklassniki.ru,582-972-5163
b8779e61-181a-46a1-847f-8e4e5c70b5b3,Simplifiés,Blenkiron,5/6/1935,bblenkironcx@google.de,485-177-6988
e14e2286-0540-40af-8446-e1e446fa163a,Léandre,Rowsell,11/7/1944,irowsellcy@miitbeian.gov.cn,494-878-5936
a0684de5-9f94-44fb-b2d8-d5595ca6785b,Sélène,MacGruer,3/12/1989,cmacgruercz@weibo.com,857-985-3752
878dba33-ca10-434b-9750-c688ad3f8994,Angélique,Shales,6/9/1968,cshalesd0@netscape.com,357-378-2137
49c1fc77-187e-45d2-a928-b070bf4a3926,Maïlys,Jones,6/14/1959,hjonesd1@google.fr,919-850-1706
e306e6df-adf9-4866-a1de-11584437770d,Faîtes,Romeuf,4/30/1925,hromeufd2@prnewswire.com,892-763-3137
5f54984c-d10d-475d-8be0-7510e9dcd69d,Mélissandre,Wilkennson,3/1/1973,ewilkennsond3@cocolog-nifty.com,861-481-0759
8ad9f651-8457-437d-b667-a58b23dadc99,Yú,Echalier,8/12/1928,jechalierd4@forbes.com,897-369-9422
ad1d18b1-b8cb-4292-b90c-229bf957cf26,Aimée,Heinsen,3/13/1984,dheinsend5@seesaa.net,492-533-2460
1c3f5fdd-8fd0-4485-8c94-23dce88a9001,Camélia,Densham,3/27/1970,wdenshamd6@over-blog.com,621-128-8370
cf3f8e10-df44-4cdd-82ab-0352d924e6af,Åsa,Bloschke,5/20/1955,cbloschked7@nymag.com,707-965-4482
3e582312-df94-4321-850d-0ffec7e1f56c,Simplifiés,Borgne,11/2/1991,mborgned8@oaic.gov.au,596-386-5500
51eb36a2-0888-43b3-9a9d-7f168a40b32e,Adèle,Caraher,8/23/1942,acaraherd9@about.me,952-237-0887
12fea4f5-c168-4998-985d-e2f963b37c5a,Erwéi,Playfair,3/15/1964,gplayfairda@sohu.com,384-818-9991
42193c41-bbc5-4b0b-ace2-370449bc1b45,Léandre,Pressman,12/28/1998,mpressmandb@sohu.com,387-273-5101
18da496b-579e-4db0-b7c2-0297d22d40a1,Joséphine,Stenning,11/26/1995,bstenningdc@unc.edu,643-521-8022
00eee4aa-7281-484e-9c2c-9539072218a2,Magdalène,Adolphine,5/15/1966,cadolphinedd@squidoo.com,655-528-6893
f39ca659-2d78-42e2-a207-9f02dc2d06b3,Maëlle,Pinkie,12/7/1943,mpinkiede@mayoclinic.com,791-270-7556
714350a5-ef1a-45b5-ac4f-cea2d9086895,Mélissandre,McCleverty,6/13/1953,amcclevertydf@posterous.com,302-735-5007
17db7b50-1cfa-42b1-81c8-4175f18d3be4,Anaël,Tipens,12/4/1934,btipensdg@prnewswire.com,646-324-1187
ea0897b8-7e05-466b-90c1-022a48917e27,Lauréna,Pozzo,8/10/1975,fpozzodh@virginia.edu,626-929-8230
b9a39462-2fef-4147-a0a1-3f07439bb19e,Tán,Vanne,7/8/1975,cvannedi@timesonline.co.uk,567-710-4908
5cf07f18-fa5c-468e-8be1-cf5b377bf0b8,Inès,McAster,10/9/1956,smcasterdj@fema.gov,746-321-2375
f7d166bb-a158-4bb9-8ff6-abb0e392a15c,Åslög,Keele,2/14/1964,lkeeledk@pen.io,214-782-9993
8385eba5-0be8-4e6f-8e15-56c33a33dc86,Camélia,Gianni,1/5/1992,agiannidl@vkontakte.ru,894-347-3861
7e40c6d4-057e-4c29-985d-33b24257d80a,Angèle,Kuhlmey,8/12/1928,bkuhlmeydm@goo.ne.jp,327-662-9349
62b84898-a2c7-4604-a164-bace4327a666,Lucrèce,Scamal,3/16/1988,gscamaldn@ihg.com,494-730-0896
c2dc2460-8356-451f-9ab2-e3c13365d40a,Léane,Steele,9/5/1942,psteeledo@twitter.com,403-109-4877
8276a795-8341-42ff-bd08-393fc7d0796a,Marie-hélène,Handrahan,1/8/1980,dhandrahandp@facebook.com,648-309-5824
e24875ce-dd47-4077-8419-ee9faf25e0f6,Intéressant,Bettlestone,10/7/1979,wbettlestonedq@mozilla.com,811-676-9325
b720c028-06f8-4ab1-9b1f-c2fd3f0d99cf,Östen,Duckinfield,1/7/1930,mduckinfielddr@java.com,460-978-5977
17a7bd04-99d2-4002-85e5-ae423086f836,Clémentine,Wedderburn,10/21/1981,nwedderburnds@about.com,621-384-6008
3dcaa82e-7018-4d7b-a30c-871fe69632a8,Mélina,Mcall,10/7/1973,rmcalldt@virginia.edu,394-833-5604
47a0be39-baae-4564-b658-a62e6551d5ac,Estève,Lamblin,6/20/1926,jlamblindu@foxnews.com,463-970-5995
a0c0ab52-6912-493c-8f2f-73d07d81c3d7,Réjane,O'Canavan,10/17/2003,focanavandv@xing.com,601-132-3026
bb37121d-2272-49df-953c-66f95e92d657,Stéphanie,Snowman,9/6/1941,dsnowmandw@ibm.com,634-304-4246
b843c760-5214-4df3-8a30-2b874fc24b88,Yú,Bartoletti,2/13/1962,sbartolettidx@umich.edu,873-407-7786
184af011-4991-4f6f-9a26-0ed43b2b706f,Loïs,Djakovic,6/30/1933,sdjakovicdy@sciencedaily.com,308-316-3833
6b497cba-2605-4e59-b783-e1f38579b1c1,Mårten,Crees,2/28/1992,screesdz@amazonaws.com,590-970-6253
b1e32a93-22d1-4324-a932-88a18a9caaeb,Andrée,Blakeman,7/15/1951,bblakemane0@moonfruit.com,705-104-2259
12efe080-b7dd-4f70-8748-8e2d67196244,Dà,Vasilchikov,7/12/1943,dvasilchikove1@uol.com.br,305-216-9166
f9979b8b-aa5a-4c5d-b64c-6348e514035a,Eloïse,Pegden,11/25/1993,cpegdene2@theglobeandmail.com,396-191-6976
c87542f3-34c1-4adf-ae02-ed2d387e72d2,Pål,Garford,12/19/1949,rgarforde3@squidoo.com,249-562-1622
87670b9b-0399-449e-9ead-b728d28e6e8b,Méthode,Pressman,1/23/1977,mpressmane4@epa.gov,414-246-9331
589c631e-acc8-4ab3-9405-397d2fcd2595,Hélèna,Moriarty,5/7/1961,rmoriartye5@ox.ac.uk,432-426-5443
e153da1d-c531-441f-a1f7-27bae1334fd1,Josée,Grinikhinov,3/6/1944,mgrinikhinove6@omniture.com,337-188-8528
e5cabc26-aee8-418b-8572-00ad57e973b8,Salomé,Habben,12/19/1969,mhabbene7@devhub.com,465-261-1518
5e629b91-1ae6-468d-883c-59f3508805af,Pål,Theunissen,11/17/1953,ltheunissene8@twitter.com,499-629-7837
184516dd-06de-484f-bdaf-5e4c3b7d0b12,Maïwenn,Camilio,9/9/1955,bcamilioe9@bizjournals.com,949-131-9320
843a13f3-1ad6-4a4b-8a5e-891b93213e23,Åke,Lutz,1/30/2001,hlutzea@flavors.me,633-854-3813
3f69487c-ddb4-4dc6-a1c7-f480fb10f885,Félicie,Gallahar,12/20/1962,ggallahareb@i2i.jp,650-292-0323
f42f33a6-c4df-480b-b9ab-54ef63b7fc7f,Angèle,Gwyn,5/10/1993,pgwynec@themeforest.net,304-408-4173
928d6c2b-a641-42f3-96a0-ca62b9ada7f4,Anaïs,Liven,12/15/1974,ylivened@jimdo.com,665-448-2031
1b91ff48-b3b4-4209-89ed-2605f5079e81,Geneviève,Effnert,3/19/1930,teffnertee@reference.com,958-354-3561
0634de9c-3ed9-4716-bb52-59f5169bf4a8,Josée,O'Scanlon,8/16/1926,koscanlonef@pen.io,461-348-2723
1bfc916a-5bd6-4c80-9b15-198c57316fdf,Régine,Gawn,5/17/1921,fgawneg@geocities.jp,245-991-0373
6a19f438-7569-405f-80cf-51d179f20a8b,Béatrice,Dubois,1/30/1961,aduboiseh@nydailynews.com,845-531-3741
da982202-4d86-4f54-a59b-8278ede67fa8,Cléa,Want,11/13/1986,awantei@dell.com,386-865-4988
44616554-fb5f-403b-a33b-9b5961cf7b6f,Uò,O'Sculley,3/14/1936,tosculleyej@home.pl,424-965-4330
6577e45d-5fab-4725-99b7-0a26051ada25,Faîtes,Thiese,8/16/1932,ethieseek@reference.com,317-880-8322
9196ef36-212c-41e1-8567-0fea8cf68443,Lóng,Irving,8/2/1927,lirvingel@bbc.co.uk,105-912-6979
5b0b9e61-3632-499b-a5c5-0b4c7bd20245,Josée,Kelbie,1/21/1946,ckelbieem@msu.edu,533-327-1406
c5631f37-953d-4247-b891-07b0d58563aa,Dafnée,MacSherry,11/10/2000,dmacsherryen@addthis.com,434-126-0294
4fe569df-6a55-425d-bf3d-b95e857a975a,Nadège,Kynton,4/21/1969,akyntoneo@cornell.edu,828-714-4172
02896100-f337-4162-9210-ae00dbcbf9b5,Réservés,Zelake,3/8/1940,bzelakeep@topsy.com,618-975-8866
b4a116e5-1191-4f2b-9375-084fefdc9056,Léonore,Djurevic,12/9/1933,mdjureviceq@comcast.net,791-917-9834
9c9697ed-4683-4880-8b09-7d7e94488a31,Mårten,Baumler,4/15/1923,bbaumlerer@usgs.gov,389-679-5915
2b0b8acd-789b-4a82-ba39-e4caceb4e4ff,Mårten,Simonassi,5/17/1954,asimonassies@amazon.com,857-691-8715
551e3f82-e5fb-404b-9a70-6f312aef7810,Laurène,Simenet,2/3/1987,asimenetet@tiny.cc,521-232-2406
5726290c-f476-4e75-8898-137073f4679d,Aí,Ridout,7/7/1968,sridouteu@hibu.com,991-469-4699
b0bff9a2-aabc-4474-bb9b-89c718164acc,Françoise,Titterell,8/29/1992,atitterellev@thetimes.co.uk,381-145-6004
b3b1d5b8-c652-443e-83bd-1d6e996f0c68,Aurélie,Loads,12/6/1997,sloadsew@rambler.ru,923-194-5273
3840de90-5b6b-46fa-842d-d8fd3a9ae48b,Lén,Lace,2/24/1926,ilaceex@adobe.com,770-470-6931
e3a38a5d-9d23-4f9b-914c-e9278fb8c40b,Stévina,Mattioli,12/2/1971,cmattioliey@purevolume.com,433-826-3630
ba2e0e24-f426-4ca1-81df-31d28f5f180e,Eléa,Asquez,7/26/1925,aasquezez@zimbio.com,502-623-4521
50d23341-21f3-40e0-a219-b2cce1449cd1,Ophélie,Vernazza,3/29/1987,fvernazzaf0@wikipedia.org,185-924-6130
74a47e43-a2e1-43f6-b609-07105f014de1,Sélène,Blair,2/22/1997,bblairf1@tumblr.com,201-461-1432
6176e4b7-b725-4dc4-8cbe-18d331d6fcae,Andréa,Brake,8/31/1951,abrakef2@gravatar.com,237-414-3376
3317ebaa-f7fe-4223-a2ec-380a45069a07,Rébecca,Thursfield,5/30/1935,sthursfieldf3@dedecms.com,977-825-2856
dff0fd95-f16b-4c0d-aed3-13cec145ca3a,Maëlle,Deeley,5/23/1923,ddeeleyf4@princeton.edu,401-757-5545
44b1346c-26b1-43f2-9986-86009896d6ff,Marie-noël,Jeeves,10/30/1983,rjeevesf5@google.es,694-300-1635
ade11813-3b88-4ffe-8428-eef45e669d9d,Desirée,Sparrow,10/29/1998,asparrowf6@behance.net,133-769-7486
344ad765-02a2-4e10-b159-57d30d219137,Mélissandre,Grund,1/18/1949,ngrundf7@scribd.com,780-169-7191
f527f79e-b338-45fb-b1c8-75760c739e96,Simplifiés,Dyas,8/11/1975,bdyasf8@newyorker.com,868-414-7306
ddf35f88-3a61-4880-9eb3-993899873edd,Mélissandre,Leppo,1/24/1946,gleppof9@desdev.cn,698-820-7044
c762bd1d-6ec3-4c2c-a5bb-1dc10f1094bd,Angélique,Bowld,9/19/1985,abowldfa@slideshare.net,499-536-4993
7e1d1fd4-b0b0-4df8-9508-3a6a464ef491,Wá,Tickner,5/21/1966,lticknerfb@amazonaws.com,361-913-1919
df116018-4823-47e6-b055-a6ff5a3972d3,Chloé,Orteu,9/8/1937,lorteufc@merriam-webster.com,524-165-8631
4f5aa9a3-f1dc-4773-a88d-9341c56339cb,Maï,Bednall,10/15/1971,dbednallfd@nydailynews.com,586-332-1706
4604a068-eaeb-4023-a949-175fa895fd79,Illustrée,Roggieri,2/12/1947,broggierife@e-recht24.de,384-693-7275
a7122ad4-9ecd-43a8-b89f-0c8ca3ec166a,Inès,Oakwell,5/29/1957,eoakwellff@imgur.com,326-674-8107
be215896-6d93-4dcf-bb39-74884dcbe5f9,Clélia,Withull,1/27/1934,mwithullfg@multiply.com,812-641-9151
088db616-9678-4d7c-a40d-3da0c01bc464,Cléa,Gamlyn,5/14/1973,kgamlynfh@nifty.com,416-905-0656
74104b07-c09c-4d49-9062-f99da9f6a983,Gösta,Thayre,6/16/1939,rthayrefi@cbslocal.com,449-762-8970
a276c2f0-e972-4ad7-8587-5279c28478bf,Renée,Youll,11/11/1970,wyoullfj@com.com,602-290-5014
391a21e1-3e2e-4a13-ba0d-b85d9cca7e48,Håkan,Benit,9/10/1963,pbenitfk@yellowpages.com,679-458-0610
89c42444-685f-45da-a3e9-e33876fb134c,Léane,Gonzales,6/27/1949,bgonzalesfl@berkeley.edu,774-782-7714
6cedef68-72eb-41c8-bffe-3b1a176574b6,Naéva,Delgaty,6/3/1985,bdelgatyfm@tinyurl.com,105-856-9215
3f5578ed-ea8f-4228-ba75-f8b221fa68fb,Inès,Greschke,11/28/1923,cgreschkefn@smh.com.au,814-823-2132
33fa7bdb-95de-452f-952c-f9e1e54cdd13,Östen,Brisson,2/5/1976,cbrissonfo@google.nl,746-647-0814
64dce700-6101-4d96-9c0f-af5d3e5aab3b,Torbjörn,Shorthouse,8/15/1985,cshorthousefp@sakura.ne.jp,565-211-4913
6a43dd4f-9741-421b-9c3f-e3e4c113132b,Cécilia,Danbury,11/17/2003,ydanburyfq@elegantthemes.com,542-783-0833
246c2399-b00f-404e-ab7e-29324da6db17,Uò,Billing,11/25/1954,vbillingfr@google.nl,268-640-6824
f726b901-2bc1-45fe-8d03-9f9ec7bde29b,Maëlann,Segoe,10/18/1977,dsegoefs@geocities.com,790-122-9136
66f95433-70f8-4209-b97c-a49ebdeaf204,Gwenaëlle,Knapp,7/23/1938,dknappft@springer.com,620-530-8456
ba709fcf-2857-4c02-be8d-6797cfdb8b79,Marie-thérèse,Alliott,8/17/1993,halliottfu@gmpg.org,644-422-9612
2e00cc70-e543-4e6d-b527-ca6f8e6c44d1,Maïwenn,Heelis,10/9/1975,vheelisfv@123-reg.co.uk,720-281-8191
3ee83074-21b3-4c27-b019-410c72607bb3,Hélène,Garritley,5/25/1962,tgarritleyfw@mayoclinic.com,585-891-8311
bcc74fc5-8159-4e40-a6ef-c93e8dd315b1,Stévina,Evered,7/26/1987,eeveredfx@dagondesign.com,735-766-4729
8f9f6965-e3ea-4b6e-8d93-a1fdd8253f9e,Anaël,Pow,12/31/1996,gpowfy@artisteer.com,573-690-2039
5fd934aa-8f8e-4c78-a746-7b6736cb36af,Inès,Slarke,5/31/1998,kslarkefz@163.com,805-679-3642
363f4d3c-3be5-4e92-b4f9-128004ad18b6,Maëlle,Hatliff,11/11/1945,chatliffg0@virginia.edu,663-503-6046
13048efe-aad4-4092-b438-a585c6939845,Méghane,Sennett,5/15/1930,ssennettg1@ftc.gov,198-425-1711
252e3dff-3cb1-4ad4-9f1c-053f75dd225e,Maëline,Mowen,12/15/1936,pmoweng2@hibu.com,424-578-9853
73ee7986-e96f-4e28-8b43-a477fbaa4154,Inès,Heggison,12/7/1954,sheggisong3@symantec.com,235-648-4412
4687909b-a6ef-4b14-9b64-54c44a6c8f9c,Lèi,Studders,7/21/1972,gstuddersg4@freewebs.com,812-828-2268
3a34efcc-5618-4ce7-8b92-931b1085f718,Lén,Rushmere,11/1/1955,erushmereg5@utexas.edu,848-332-3576
4fb21f9c-6f3b-4a79-88c0-e62b370af122,Rachèle,Lippi,7/27/1977,alippig6@gnu.org,567-816-3251
442cbf9e-8e85-4c65-9338-65cfba8adc43,Salomé,Mcall,4/12/1996,kmcallg7@ycombinator.com,199-847-9664
9e3a3779-eeba-45d0-bff4-72b7cbcd18fd,Agnès,Kobiera,11/9/1969,akobierag8@artisteer.com,867-183-4546
eb6c8b1a-d1a9-40ba-bdf7-54bfad3f788f,Fèi,Banville,5/31/1936,kbanvilleg9@1und1.de,630-452-0723
e5552db2-2d46-430c-a807-c31d90f034b5,Nadège,Moreinu,11/1/2002,pmoreinuga@wired.com,403-797-0398
7b4c47df-12ee-4215-85db-e2302b114984,Vénus,Eggleton,8/16/1971,beggletongb@wisc.edu,153-415-7517
6295e7c7-0f14-410d-9971-f2a7edc6b736,Maïly,Purcell,3/11/1931,tpurcellgc@indiatimes.com,536-337-8125
ee31a2b1-642b-4749-880c-a82e115edc65,Bénédicte,Soreau,1/8/1927,msoreaugd@va.gov,620-320-7311
691d89c3-db96-4ca7-8793-fa7d6cb8ddbc,Táng,Godsil,7/31/1949,dgodsilge@livejournal.com,706-990-5521
2b16f0a0-bb04-4211-b1a6-2e2ac5118fdb,Cécile,Sunley,3/17/1941,jsunleygf@ucoz.ru,829-606-9236
4f607738-62e9-4b6e-afc5-7a2c1a78818a,Mélodie,Bruyntjes,4/30/1963,dbruyntjesgg@pen.io,190-215-7938
4a5412a9-437f-45e3-b61f-45b9cda341bc,Naéva,Gethyn,8/4/1950,tgethyngh@sourceforge.net,145-264-0185
2fe528f6-1e21-4abd-8f9f-db34f863c90d,Yóu,Vidler,11/9/1946,evidlergi@theatlantic.com,626-856-8120
d114f881-9f82-4b55-b1bd-93db76756839,Zoé,Maughan,11/22/1927,emaughangj@example.com,478-234-1136
c37f40cf-7f94-4071-ac78-15020ec8c1ac,Pélagie,Conws,1/26/1940,rconwsgk@google.co.uk,901-695-8367
12e019b3-07a6-41ac-b75b-12149f1cd0c8,Rébecca,Candie,12/26/2003,ncandiegl@about.com,282-532-5324
332d56d4-3a5c-4d22-a4d9-72e038f5a28d,Mà,Povall,12/8/1949,vpovallgm@tripod.com,912-111-8157
7340135a-3b12-4ae1-9789-64d74656bd72,Michèle,Benne,1/10/1992,fbennegn@google.pl,805-865-3216
ff91c971-40cc-47e1-967c-d3691f9cfead,Irène,Crampton,4/1/1958,bcramptongo@digg.com,926-916-0626
ab1c5a26-6c56-482f-ba83-6e19a642ad34,Laurène,Kilbane,10/31/1977,mkilbanegp@gravatar.com,410-574-5725
683ebf35-9f1c-426e-9ae7-10f99d1595c7,Marie-françoise,Divis,5/16/1937,mdivisgq@thetimes.co.uk,723-238-4042
f7e3b94f-e533-4085-8868-5e76af4ba9bd,Mélia,Whittington,8/27/1983,hwhittingtongr@barnesandnoble.com,502-126-9649
3bea987a-2660-4a8b-b857-9f73bbc7c2b7,Örjan,Filipczak,5/28/1950,gfilipczakgs@nydailynews.com,946-843-2267
e358969a-d75c-44e8-a208-e303d124759f,Östen,Harsum,3/19/1960,charsumgt@sogou.com,958-108-8366
3de51d34-3c01-4975-b3c8-615a20a8335d,Séverine,Bairnsfather,11/25/1968,mbairnsfathergu@cdbaby.com,765-824-8418
58ffabc4-8835-4e6b-8bfa-b078d2dc6fd2,Maëlyss,Bhatia,4/10/1951,vbhatiagv@cnbc.com,921-155-7197
dc89281e-8783-411f-bc8e-2248d1a28b1f,Nadège,Gibby,6/24/1921,lgibbygw@creativecommons.org,583-664-1556
ca94eb3b-7603-4b51-94d7-abf735a0e2a9,Uò,Legges,3/7/1951,rleggesgx@oaic.gov.au,898-559-1510
51ad57a3-52d0-46c0-81aa-f875a59392c4,Loïca,Burness,7/16/1965,sburnessgy@sphinn.com,352-540-0625
3be54eb1-4835-43c5-8954-33dc78f1d514,Pélagie,Tocher,5/30/1950,ttochergz@deviantart.com,770-557-4884
019818e8-eac8-47a4-a754-88d3ca9d713f,Sòng,Bruntje,10/26/1956,nbruntjeh0@xrea.com,369-394-8473
b1266c5b-eaff-42e2-ada1-ce717e0a84c1,Méthode,Jirusek,7/26/1946,vjirusekh1@princeton.edu,410-756-2560
2860af1c-5334-47f9-946e-2fc4747e04cd,Marie-noël,Kelsell,9/14/1938,dkelsellh2@rambler.ru,134-275-5087
fc852f69-e81e-4152-b4a8-e036e6f5482c,Mahélie,Arro,2/28/1943,aarroh3@who.int,868-703-6421
1996ee58-3ac7-49ad-a0f5-1b4c9f34c88e,Frédérique,Mulcaster,10/12/1974,dmulcasterh4@ucoz.ru,481-134-5362
7623332f-8159-4fa5-9c22-800089b23102,Mégane,Slyme,7/30/1927,nslymeh5@aol.com,676-149-5980
46141f2b-fb5d-494a-a531-a29a1bd93886,Aurélie,Houlridge,1/30/1980,lhoulridgeh6@omniture.com,187-177-6165
8fe7586f-70dd-4ed7-9cf7-3175a0038725,Estée,Bedrosian,1/25/1976,dbedrosianh7@istockphoto.com,691-754-2270
5bc0e252-3fc5-4f3d-97a1-8cd115e24da8,Maëlys,Dawson,6/23/1955,bdawsonh8@auda.org.au,208-552-7989
706df205-a037-46cc-932d-07914404ba09,Camélia,Jeune,10/16/1976,ljeuneh9@latimes.com,845-882-2965
ae98a61b-0ae2-409b-84fe-45c7e3da76d1,Garçon,Starmont,2/24/1947,cstarmontha@elpais.com,854-938-7814
2d1a0da7-a81b-4eb5-a37e-a87c08d020f5,Maëline,Firks,10/3/1940,efirkshb@unblog.fr,816-379-2952
13dcf1dc-d9da-42a2-84e4-02f0a4bb355f,Maïly,Van Der Weedenburg,8/15/2004,ovanderweedenburghc@springer.com,376-573-2248
89332e4f-eb5d-4695-80d5-624ef71cca6f,Béatrice,Hallick,6/17/1999,dhallickhd@stanford.edu,438-895-5898
fa26c735-627c-4fa9-9d30-8e6d108a1563,Agnès,Clamp,10/28/1966,gclamphe@privacy.gov.au,129-292-2902
376868f5-b93d-46ba-8c06-0e421da997da,Eléonore,Beceril,8/27/1936,tbecerilhf@cmu.edu,779-266-3461
7fd4623a-905e-4938-86bf-c96244178e51,Bénédicte,Teenan,7/24/1991,wteenanhg@bloglovin.com,557-623-9917
73e20add-6050-4c38-8e7f-b542cc29538b,Geneviève,Storres,7/27/1924,gstorreshh@wufoo.com,545-367-2894
507d23e0-9b3c-4372-b433-4107a950c5a0,Andréanne,Ratt,4/19/1940,gratthi@shinystat.com,408-428-0190
67eb218f-01f4-4134-9cc5-7d76aed50916,Desirée,Slowgrove,1/6/1996,wslowgrovehj@g.co,327-681-9046
a8785f81-cfd6-4bbc-85b1-063ccbca7411,Marylène,Tedman,9/5/1940,mtedmanhk@wp.com,878-201-3791
2cf652a3-468a-43d7-a56f-8d1968bb27ce,Dorothée,Braunle,7/16/1936,bbraunlehl@google.co.uk,577-145-8300
ee16b6d4-b49f-481e-b1a4-87af695e2e2c,Rachèle,Croker,3/21/1925,gcrokerhm@seattletimes.com,413-572-0620
2f27ffaf-b66d-4e69-b704-f20c6793849e,Thérèsa,MacAllen,3/30/1927,mmacallenhn@microsoft.com,446-583-4900
0a12f11f-e6c1-4750-8262-4563a68372f1,Åslög,Tabart,5/25/1947,dtabartho@printfriendly.com,974-131-6303
8d689b3e-6556-4c4e-8bc9-e43e7eda81cf,Léa,Coling,7/7/1924,icolinghp@mit.edu,767-168-9953
671ca1af-da4c-4898-86b1-f2b1cb2afe62,Tán,Akast,7/21/2004,nakasthq@mail.ru,663-876-8159
18455f7c-c226-407e-9f82-5ac17071d029,Médiamass,Frowing,11/14/1995,jfrowinghr@deviantart.com,106-398-8389
4ceb1338-cf44-4f94-860e-261108eec977,Célia,Burndred,2/20/1927,gburndredhs@parallels.com,203-954-0630
6a36470d-1df1-4f51-a81b-5581dc125299,Mylène,Haggish,2/6/2002,rhaggishht@weather.com,353-599-7446
17ab1dff-36e7-49e5-96a3-052aaa1c5aea,Maïlys,Caroll,12/7/1929,ccarollhu@joomla.org,494-455-1318
b512c185-4642-4e26-95f6-5dce0e52abe2,Bénédicte,Trolley,10/23/1931,htrolleyhv@flavors.me,899-332-0705
2ed31f6b-1e70-462c-ae87-386d19186431,Marie-thérèse,Jurisch,11/25/1966,kjurischhw@usnews.com,675-497-0153
a80c8c7e-2360-46b2-b6ec-6d20767556d0,Adèle,Van Der Vlies,2/5/2001,vvandervlieshx@wiley.com,527-314-0111
a43a2b2b-d327-4f8e-8597-6697da106ee2,Liè,Trustey,7/15/1994,btrusteyhy@springer.com,930-201-0903
474b213d-eae5-4304-9f88-4af6f7aa6952,Pélagie,Willerstone,5/9/1935,hwillerstonehz@businessweek.com,868-514-2581
4de01ddd-10c1-4100-8386-751ecc635efe,Cléa,Ordemann,7/7/1965,lordemanni0@quantcast.com,601-586-0930
39ad0d37-d4c9-4586-af03-6eb83de6b4dc,Görel,Theunissen,5/29/1977,stheunisseni1@goo.ne.jp,261-911-5565
bd6219e6-dff7-4283-a03d-81f52a9b7737,Lèi,Gelling,1/18/1969,ngellingi2@github.io,176-853-9519
667ea2c1-429a-4004-8643-c4390ecdb1ac,Marie-thérèse,Robken,1/29/1940,krobkeni3@edublogs.org,865-940-7343
d7762e0a-ae53-4b7c-862e-c77b61016bd2,Táng,Joul,11/30/1948,ljouli4@guardian.co.uk,990-174-7546
87cb8ba6-7c2c-47bd-8bcc-52b3876b9ffd,Médiamass,Antrag,5/21/1967,aantragi5@squidoo.com,483-124-6097
189b1258-a09a-4ce3-b982-b59af317d119,Marie-thérèse,Warlton,1/15/1952,cwarltoni6@qq.com,929-907-6750
ce308318-f493-445d-ae4f-29813d53d08c,Daphnée,Castaner,8/27/1966,ccastaneri7@blog.com,155-698-4624
0102cd59-43a4-416d-9bb8-e5a6733dc3c4,Åke,Pering,1/13/1977,aperingi8@wikimedia.org,498-937-2470
4a9cf4cd-8fd1-430f-8b15-2943179e2625,Mélia,Vain,11/20/1969,hvaini9@sun.com,668-663-5713
0e593523-1391-47df-9a6f-1a8c66c563aa,Anaé,Bengtson,7/23/1984,lbengtsonia@constantcontact.com,544-552-1319
ab4ac719-46bf-495e-b9ac-2328fccc4d9a,Börje,Cassius,7/14/1982,ocassiusib@wired.com,595-401-7333
ea7bc50d-6c67-47b8-8754-ca7d7d1347ef,Laurélie,Botterell,5/1/1938,cbotterellic@shutterfly.com,560-815-1024
bab985f0-bb71-4732-a7f6-03dbeec381a9,Thérèse,Pedreschi,7/4/1929,jpedreschiid@wikimedia.org,154-830-1916
8d46ba1a-f874-469c-b0fa-54eca90a7eed,Loïca,Narey,4/9/1986,rnareyie@hibu.com,908-532-3517
36822150-794d-4833-82a0-126bab166b51,Méthode,Dalgarnocht,1/3/1925,gdalgarnochtif@vistaprint.com,610-222-9854
3be8e238-4cf9-4e00-9048-9e3128c5dd77,Nélie,Gonzales,4/25/1929,lgonzalesig@hexun.com,180-750-0916
27cb2775-1731-4aaa-b9fb-c3495b07bda4,Vénus,Jedrych,6/16/1935,ajedrychih@indiegogo.com,137-273-7282
ce8bf61d-7dd2-4f88-81c4-037dea387bd5,Méryl,Float,8/28/1955,afloatii@purevolume.com,119-344-2680
5e5e2584-ccb6-4e36-a336-48df4f8ad59e,Wá,Jaher,12/15/1957,mjaherij@cnn.com,123-127-4487
8e11ab5e-f5ef-4485-b2bc-639128d33b92,Frédérique,Lefever,1/30/1994,glefeverik@examiner.com,609-470-3468
9eba5921-9c9f-49ff-a3ad-7915db14a46c,Cloé,Caddie,8/30/1941,lcaddieil@geocities.com,266-808-8347
17509cee-ac85-4679-89ea-14bd97bacf1d,Loïca,Cristofol,3/7/1951,ccristofolim@biblegateway.com,950-917-0815
0d5fc1db-d815-480e-abfd-2064f0eb27a1,Håkan,Mitro,10/31/1982,smitroin@hp.com,554-137-4543
95dc01b4-ff8f-46be-a4b6-c1a7abf4183b,Ophélie,Clemow,7/9/2000,cclemowio@canalblog.com,503-274-6279
5a563c3a-5f8d-465e-b30e-ea5ce394e33f,Adélaïde,Earthfield,7/21/2004,pearthfieldip@vimeo.com,974-853-4268
7569bc3d-c429-4089-8391-cebcf4c949a4,Laïla,Lowle,6/21/1943,flowleiq@shop-pro.jp,375-728-5551
a0e2c6e8-221b-4445-8cc4-bb3a9c76a9ce,Pò,Dumberell,9/22/1973,odumberellir@goo.gl,829-895-1625
14c0dd27-f24f-41d8-8c8e-880e4491a1e7,Håkan,Emanuel,8/6/1963,temanuelis@yolasite.com,199-727-6878
8ad2855b-3064-4082-aa3e-f7f192118eb4,Mahélie,Bobasch,9/4/1921,abobaschit@blogger.com,806-906-3835
4dae91a2-3235-4b82-ac1c-baaa800aae97,Béatrice,Forri,3/15/1956,sforriiu@yahoo.co.jp,391-813-9863
2e4fc2cc-03fe-4344-9be7-75c229f997a3,Noëlla,Delepine,9/16/1996,qdelepineiv@goodreads.com,959-538-2197
edf2c4c0-0465-4c0f-8807-589d2f9bb1a6,Garçon,Olding,6/9/1987,toldingiw@delicious.com,557-741-3533
ef20e592-831c-4e65-94ca-93befc8fac3c,Gérald,Windmill,7/10/1994,ywindmillix@domainmarket.com,368-976-6519
b496f1bb-7ba5-4ec6-aa89-27d10f195484,Amélie,Gillani,11/27/1984,qgillaniiy@addtoany.com,703-300-6275
60b5387c-1892-42b7-a996-fb1568ac0453,Léonore,Hutfield,10/30/1953,jhutfieldiz@reference.com,228-747-8570
37f9a871-061c-4fca-b18b-8e7d783388a9,Bénédicte,Carleman,4/26/1951,jcarlemanj0@artisteer.com,911-325-3224
fb61a5db-66e2-47d9-add3-5e247f158d3f,Naéva,Bamsey,2/4/1927,bbamseyj1@yolasite.com,775-760-1707
62eb68cf-6e21-4a9a-af28-2219a5c93053,Erwéi,Gullivan,10/31/1998,cgullivanj2@toplist.cz,362-655-3548
1850a2b3-966a-4f38-857b-09c16e0f2f43,Ráo,Burgett,3/19/1934,iburgettj3@prnewswire.com,743-393-9289
de817a65-c1b3-4302-b288-14e87fc22ee7,Zhì,Glasscoe,6/5/1934,vglasscoej4@mashable.com,612-834-8333
f35394a7-0928-4ec0-9e54-d6a645f79825,Nuó,Stegel,7/11/1979,lstegelj5@cocolog-nifty.com,357-531-2538
fbbc4ef9-a13a-4d6c-8d2f-6f09876d545a,Mélanie,Bentote,4/21/1971,jbentotej6@google.cn,925-269-1521
6f895e0d-a373-4039-a65a-43a905edc0ea,Maëlle,Greetland,11/5/1985,mgreetlandj7@mozilla.org,825-874-5335
5d8b2fdd-4ac4-4a11-b64a-0548c2f23314,Kévina,Bygate,12/23/1954,bbygatej8@wix.com,516-472-7860
f64d0e83-397f-4664-8511-aa8fbb5ee9e1,Annotée,Jentet,7/3/1946,bjentetj9@hc360.com,674-601-1714
840f8613-562a-4fe4-9e71-09f6c8a3224f,Estée,Wadly,4/27/1926,awadlyja@cisco.com,843-468-0177
6735c034-2e86-4a09-92bc-7e2997defb2b,Tán,MacGahey,3/13/1992,gmacgaheyjb@qq.com,891-392-9077
e99d4353-5366-4861-ab23-663b2d03160e,Kuí,Lalonde,1/30/1945,alalondejc@deliciousdays.com,958-675-3993
bf51bdc2-26de-4c89-a13e-eb997a5f6d0f,Yénora,Lipson,10/11/1969,glipsonjd@ebay.co.uk,861-619-5763
45fffe47-c759-475b-89d4-2bfeeae94503,Yénora,Pinard,12/29/1986,apinardje@google.com.hk,671-579-7570
2c1f6ee8-c824-41ca-b8c3-5b007c0b5d19,Åslög,Fearenside,6/8/1938,efearensidejf@yahoo.co.jp,701-563-9427
ccc862b5-5ab2-48d7-a532-3dab4c43f5ce,Tán,Ladell,9/9/1978,tladelljg@wikipedia.org,959-926-3195
75c1958d-dc9f-457a-b85e-8ea309282ee4,Zoé,Shulem,8/17/1960,ashulemjh@furl.net,267-706-9737
0caa465e-e0e1-4034-91f2-0af78aafdbbd,Tú,Muress,4/30/1934,smuressji@statcounter.com,421-336-5413
f5d26a18-7cab-4851-85c4-4a2788acef8d,Eléa,MacNab,12/13/1982,bmacnabjj@google.com,158-506-4356
f729e607-cc51-4beb-8be7-37c22b76f117,Wá,Bail,11/19/1923,obailjk@nih.gov,823-713-8671
15115875-2947-42fc-88dc-2b5a3612e190,Anaëlle,Jefferies,10/26/1986,ljefferiesjl@weebly.com,502-530-9140
803ea9b6-b349-4f0c-b195-3073f20f54ad,Eloïse,Hotson,3/8/1931,shotsonjm@weebly.com,452-264-4143
0f9138cf-7a01-4a22-91b4-ebe32164de89,Lén,Waldrum,9/21/1971,awaldrumjn@thetimes.co.uk,101-682-0719
e35cd952-33a5-47fe-8d20-ff68303f0eae,Lauréna,Antcliff,7/28/1944,zantcliffjo@washingtonpost.com,748-252-0350
c7e5cab0-a257-4d27-b0b3-9179e1d6c287,Annotée,Jolliffe,6/15/1965,rjolliffejp@dell.com,740-715-5002
62eb3a77-94c0-49ff-bd38-83f4d752c13a,Stéphanie,Turbard,9/11/2003,vturbardjq@e-recht24.de,289-612-9787
113ed646-3c41-4174-b899-915c29620784,Maïwenn,Mulhall,1/31/1990,cmulhalljr@amazon.de,329-622-7961
70a62631-e862-4671-8db6-bb9dd08ca6e8,Méng,Trowler,2/26/1931,htrowlerjs@dell.com,216-961-2987
831ec154-4151-4635-bbef-2e6d5b4bca86,Gaïa,Rignold,1/31/1928,mrignoldjt@twitpic.com,901-821-3204
75ebee58-e7f8-499e-a940-acaf32327c94,Yú,Uccelli,4/25/1968,cuccelliju@dagondesign.com,274-570-0637
68d5f251-3811-424b-8117-a5dd956bda00,Lài,Ricardot,4/18/1983,nricardotjv@behance.net,742-631-0873
35a937dd-70ec-4bd9-893c-77120a6975e4,Estève,Sawood,10/8/1939,asawoodjw@1und1.de,972-424-8378
01abcdee-2a72-4485-968b-75a1ed13a4f5,Pò,Hiom,7/12/1995,vhiomjx@tinypic.com,585-271-5040
d1cda2d6-51b5-46f1-9b42-061034c5289c,Eloïse,Smalles,2/1/1925,psmallesjy@cloudflare.com,399-237-6340
4d9d9ef4-7de1-4c0d-8a5b-607340cf67a1,Maïlys,Soltan,8/23/1933,dsoltanjz@mit.edu,183-711-7765
8452ff4d-fe22-42c4-a324-f6b2c87d4205,Maïlys,Casado,6/14/1946,mcasadok0@columbia.edu,544-633-6312
cafd2dbd-467c-4abb-81da-6c1252f8592c,Eliès,Burgot,4/12/1931,lburgotk1@gov.uk,151-751-4059
4bb0f5cd-5879-4a3d-86d5-31b61b729c68,Renée,Trenear,9/15/1982,etreneark2@vistaprint.com,369-876-8056
88eb7d15-227c-40af-9df6-3e63709769b8,Stéphanie,Fellows,9/17/1969,dfellowsk3@phoca.cz,811-696-3730
c23a4d33-0e55-4c05-b3c7-5ac4266566c4,Solène,Gledhill,2/11/1975,kgledhillk4@multiply.com,469-243-8372
a3ed8d95-3d48-4156-a79a-c32d16208241,Táng,Rideout,8/25/1980,brideoutk5@topsy.com,813-463-8155
69e3f4eb-2769-4f23-973c-286b08f49d81,Daphnée,Dewick,8/7/1988,gdewickk6@earthlink.net,172-521-2830
e6cac8ea-0173-43f0-9e80-4fa86f269c05,Loïc,Brazear,10/7/2002,wbrazeark7@canalblog.com,865-318-9714
b9cd4821-b3ba-4135-a253-2233ee62fa53,Nadège,Duignan,12/28/1970,jduignank8@wikia.com,251-343-1729
1d53e62f-acf0-48fc-8a66-8d92394dba0c,Liè,Bergstram,8/21/1954,tbergstramk9@bing.com,184-392-3806
e8e03494-80fd-4ce9-a6db-9285d032164c,Méline,Cecil,3/6/1928,jcecilka@deliciousdays.com,602-897-1537
36c551b7-899b-466d-b588-72506fb223aa,Michèle,Pudner,8/24/1979,mpudnerkb@zimbio.com,390-366-1238
f6988064-efca-4f43-be5e-ece0e26f8af0,Judicaël,Scherme,12/16/1951,jschermekc@mashable.com,841-245-8504
dd7d94f2-ba99-4e2f-9010-874c247fd93b,Clémence,Rioch,10/9/1978,kriochkd@google.pl,810-273-2512
b314ab5f-8d3e-4af7-b5b5-6602b2155618,Océane,Grimditch,1/20/1991,ygrimditchke@tuttocitta.it,995-582-4910
e0969d35-18d5-4208-b211-1c6842533568,Bérénice,Pestridge,4/13/2001,epestridgekf@quantcast.com,787-563-4430
ff24d68a-ea7e-4f78-888f-813e947d29f6,Mélissandre,Megahey,8/3/1986,smegaheykg@comcast.net,643-108-6395
1da9d995-333d-42dc-b35e-d43769d31f5d,Mélina,Gerault,6/5/1952,cgeraultkh@comsenz.com,671-470-7076
36c5f092-bf16-4bc4-9828-0346787f2f4e,Sélène,Heaviside,9/11/1949,cheavisideki@cdc.gov,403-847-5134
a6b0d578-dcd6-44ab-9660-1ec8ddb42f30,Noëlla,Brach,12/13/1983,dbrachkj@fema.gov,412-710-9905
c009b08d-c943-49e2-931b-4a8cfb59f0c0,Eléa,Plumridege,12/20/1932,cplumridegekk@arizona.edu,857-629-4326
91a70166-9cc4-4868-ae9c-bf19d9953305,Cléopatre,Camble,5/23/1998,rcamblekl@google.de,324-584-8252
48b124d2-0e1b-4b90-8f67-c9b72754ada9,Inès,Domenici,1/14/1963,edomenicikm@cafepress.com,354-426-1851
480afdee-e14e-46fc-ab60-d63314a6626f,Lorène,Asch,12/20/1952,maschkn@wikispaces.com,194-427-9205
cf72cbb3-9b1a-4ca5-ab49-9832c7cfe7f2,Björn,Benesevich,7/24/1983,hbenesevichko@icio.us,386-223-8667
68233c2c-c98a-40aa-9f14-5509177fd4cb,Maéna,Mustin,11/5/1969,cmustinkp@infoseek.co.jp,357-288-6876
6bc29dc3-5ac5-4b54-9eda-68a451f1aa9f,Almérinda,Rugieri,9/6/1958,hrugierikq@google.com.br,126-775-0855
9e3c70d9-3a6f-4e0a-82d7-f9dc44107368,Thérèsa,Morecomb,10/17/1960,smorecombkr@woothemes.com,619-211-6191
d2f16697-7cdd-4f52-8dbf-92b4bcab7b37,Mårten,Mounch,5/20/1981,wmounchks@simplemachines.org,215-879-1856
62aae26e-dbcd-419e-9e77-fa2dca01848b,Eléonore,Twiddell,12/29/1993,btwiddellkt@eepurl.com,868-287-5681
30fbc7e6-69da-4b66-9059-669dae2ec56a,Alizée,Langsbury,3/1/1981,flangsburyku@addtoany.com,299-371-6855
683e2720-84cd-4935-b62c-85c55b389d37,Océanne,Mansuer,10/28/1927,zmansuerkv@cam.ac.uk,174-473-6011
96b8f8ca-3ffe-4a70-b96e-81b3099cf990,Magdalène,Marrable,11/15/1934,kmarrablekw@ustream.tv,484-672-8392
5fa08979-26a5-4984-9c59-b4c6ca95b0ed,Françoise,Broggelli,4/8/1996,nbroggellikx@weather.com,589-732-1114
7fbe0f2f-2c40-4c6f-b56c-2af442064c49,Örjan,Lottrington,5/4/1941,qlottringtonky@weather.com,234-229-6181
c5bf1f91-71ba-4ea8-810c-ac04b4d020ad,Andréa,Lung,4/3/1923,blungkz@dion.ne.jp,149-915-9185
3b2bd101-0eeb-4fbb-95af-e1f9b974d388,Erwéi,Raiman,6/25/1954,vraimanl0@samsung.com,162-235-2053
f5a3ce7c-124b-445b-8df1-1f32d62a7081,Maïlis,Davys,2/26/1965,edavysl1@apple.com,454-420-1285
caf712d7-16f7-4201-9322-4cd01ff40754,Örjan,Abramamovh,4/5/1970,dabramamovhl2@desdev.cn,379-633-8020
46073543-f7f8-4901-a84c-037ceaeae9ae,Angélique,Ridder,11/14/1920,dridderl3@reuters.com,785-300-3873
5344dde3-cc53-4cc2-a082-41c044ffaf26,Yú,Presho,6/21/1978,apreshol4@auda.org.au,621-928-1367
c5ff2ef3-ba71-4d50-b4c2-f39cd66bff98,Zhì,Lewerenz,1/30/1975,mlewerenzl5@reuters.com,549-556-3143
0f382dd3-1925-4ec9-bb40-180556732006,Aurélie,Dyers,5/11/1952,ldyersl6@msn.com,642-918-9312
454cb84e-19a4-4337-a940-1ff0b3debc80,Anaël,Castlake,4/15/1941,acastlakel7@comcast.net,221-142-2186
9cc5c4af-2808-47aa-b15f-55eefa3b0150,Salomé,Caveill,10/15/1953,ccaveilll8@wordpress.com,900-296-8183
2dabd23f-c7ae-4ffe-9faf-ca5534799ea0,Thérèsa,Maven,9/10/1993,bmavenl9@lulu.com,488-243-8471
d6c8c3a1-62f3-431d-8a3c-307725b5206b,Michèle,Prose,5/15/1936,aprosela@hc360.com,421-935-3525
0496f594-a318-416c-8ab7-19877ec6a11a,Edmée,Wolfindale,10/17/1966,mwolfindalelb@go.com,344-750-3342
da245c7c-d8ea-4f36-b41a-58a85a835c1f,Lén,Whewell,9/17/1974,lwhewelllc@bbc.co.uk,464-296-8719
eb1fa759-2e0f-4fb1-8c82-8a8a25d49ff9,Sòng,Songer,6/18/2001,gsongerld@multiply.com,659-406-8514
85d1c69f-2276-4421-9fce-325d7d387307,Esbjörn,Swindlehurst,7/11/1970,aswindlehurstle@narod.ru,202-344-4587
7a8e7c19-61b5-41e7-8774-9c76007390ab,Gaétane,Tym,5/17/1990,rtymlf@kickstarter.com,381-771-1897
71397d59-478f-4eae-aadf-2df736ee29a5,Miléna,Alldritt,4/1/1949,lalldrittlg@hostgator.com,209-122-3700
2d1aaa20-60ff-4895-adef-4951c57b7017,Clélia,Frude,1/12/1990,gfrudelh@mayoclinic.com,485-306-1340
7b245677-3281-4e53-9767-824d659f1b72,Östen,Augustus,3/8/1971,daugustusli@earthlink.net,241-239-8803
51eb105c-3416-4cd9-b5e1-8972f71f97d3,Danièle,Powner,2/2/1946,lpownerlj@bing.com,857-877-4688
785e93a9-414b-4ad8-b037-2221f98f142d,Lài,Sommerlie,9/22/1996,ksommerlielk@dmoz.org,336-170-1649
077d296e-6108-4cd5-b5fb-162f89ba3d38,Kévina,Jeayes,4/1/1987,gjeayesll@nsw.gov.au,568-439-4144
8915c007-4312-477c-83a5-cd94b323cfb0,Séverine,Abbyss,1/6/1927,cabbysslm@squidoo.com,303-404-1510
0c950e42-e588-4c1a-8ff0-90a074e4dd52,Réjane,Nyland,5/8/1992,snylandln@xrea.com,765-191-0267
6ddb2eb7-fb0e-44d5-b839-cac1deafaf53,Réjane,Revan,6/18/1968,arevanlo@angelfire.com,992-930-3870
c74cdd9e-d941-4ac2-abb1-16edfa2b9465,Noëlla,Heilds,3/5/1969,nheildslp@harvard.edu,901-178-0453
29d34e88-2dee-4e06-b7c5-39d640a91af5,Pénélope,Duhig,10/12/1955,aduhiglq@msu.edu,713-699-1548
a58c4361-21ed-40b7-8ff9-109695726bf7,Aí,Renehan,7/2/2003,nrenehanlr@accuweather.com,876-682-6941
0f2a863d-c484-4533-8ff3-0a376eb092c9,Gwenaëlle,Kiera,12/27/2001,mkierals@xing.com,275-931-9219
6e07b9cf-d61e-435a-8bbf-62a565523119,Publicité,Cockshut,6/15/1929,scockshutlt@businessweek.com,182-793-0279
e88682cc-25d2-48e1-b214-154a27892173,Lauréna,Boggis,2/20/1962,aboggislu@phoca.cz,545-208-4364
78c50fae-db71-4a85-a8d0-0a688ec87d58,Erwéi,Martel,7/18/2003,mmartellv@bravesites.com,186-557-2424
eb82b36c-ae40-4fbf-8ac7-b8d28ac1eaf6,Ophélie,Glassopp,10/10/1987,rglassopplw@pbs.org,516-484-2062
3de2122f-d37f-4a39-92a1-c81c67071650,Cunégonde,Yeskov,5/21/1999,fyeskovlx@google.com.hk,266-429-7364
076b7de0-5270-450e-832b-1a93ce5ec032,Östen,Montacute,4/20/1971,nmontacutely@blog.com,615-144-4740
9742679b-43b0-4373-beb2-721bfb90219b,Laurélie,Aim,9/7/1940,maimlz@paypal.com,974-884-5182
9c4bef09-ae44-465a-8797-a5ce97966aad,Maïly,Epinoy,4/25/1994,kepinoym0@digg.com,291-698-8241
c6594d87-13fe-4270-b4e0-69963ff9c349,Cinéma,Spykins,10/6/1970,mspykinsm1@europa.eu,134-676-6339
bb94aad1-8655-4ee0-a2a6-b28959816843,Eloïse,Marjoribanks,2/12/1937,lmarjoribanksm2@blogspot.com,695-205-1154
1d43292a-974e-40af-b407-ed3fbd5dc1fa,Lyséa,Melrose,5/8/1923,cmelrosem3@blogger.com,960-216-8859
a1ee2888-054c-4e66-8a53-2000535a7b71,Bérénice,Cathrall,6/30/1935,bcathrallm4@parallels.com,281-402-2432
787bd6a5-55ad-4372-afed-157b39c64ca5,Loïca,Kirrage,9/17/1961,gkirragem5@com.com,424-497-7938
bcfea544-22dc-4ed7-9ef4-3360363c4ca4,André,Shelp,11/4/2004,lshelpm6@tripadvisor.com,311-904-3686
7f5f04a0-2b57-4c9d-8f3f-42b656be91e6,Chloé,Sambeck,11/22/1921,vsambeckm7@psu.edu,104-537-3529
040626f8-fcf2-4765-bd2c-70aa27701320,Joséphine,Andreu,12/26/1933,candreum8@discuz.net,443-115-0362
f5c7afb6-f3e3-44ba-bca9-fc4140c5ce0f,Vénus,Watmore,7/24/1947,kwatmorem9@hud.gov,792-970-2980
08edd25c-88db-4d20-be66-f1e746e53609,Mårten,Essex,1/5/1944,oessexma@dailymotion.com,133-151-3844
032e0178-6eca-462d-a826-69b7df780805,Félicie,Farnhill,7/11/1998,dfarnhillmb@yelp.com,906-715-5503
e06aa860-706d-4b32-a567-270cc0563ffb,Noëlla,Darthe,1/13/1990,kdarthemc@plala.or.jp,688-339-8801
02412a97-4534-402a-b906-21f40d154e77,Cléa,Manchester,8/2/1991,emanchestermd@lycos.com,954-167-5323
ac5735cc-8e11-443a-a74d-dbaacab2492e,Fèi,Meake,8/8/1942,lmeakeme@cdbaby.com,446-536-0259
05835fd7-cce3-44c1-8ff9-00120c1594b7,Edmée,Spurgeon,10/16/1962,cspurgeonmf@google.com,604-412-8549
c7371d3d-51d1-4e39-b3cb-b33728821836,Anaël,Horick,7/4/1966,ghorickmg@yellowpages.com,461-817-0440
380e304f-bb10-4b48-9988-c2a48871098c,Edmée,Theakston,8/31/1987,btheakstonmh@alibaba.com,810-522-0690
1362c382-72f3-491d-9019-b7100cc9669c,Nélie,Messham,5/19/1934,tmesshammi@bbb.org,730-129-1645
f4445602-acca-403e-b86d-b98f2167cdaf,Lèi,Findon,7/14/1981,kfindonmj@liveinternet.ru,215-535-8325
16fc648e-adab-441f-a4e8-1c667093e780,Märta,McAuliffe,3/11/1921,jmcauliffemk@reddit.com,258-228-8156
404719df-fa56-4d9d-808f-8f2c80861299,Táng,Duckering,8/21/1996,tduckeringml@jimdo.com,508-726-0055
b3c7269d-4aba-4dc2-9b0d-f5f1a5a74991,Daphnée,Embery,12/22/2000,jemberymm@globo.com,401-953-6808
dae85a38-4325-4141-8cb0-c6905b151762,Crééz,Gallegos,5/25/1994,egallegosmn@oracle.com,975-430-7561
a971b13b-49af-427a-9b68-42dfc993b166,Jú,Brodway,8/25/2000,ebrodwaymo@berkeley.edu,316-409-9658
6e042c8a-555c-476b-bb79-d2e366f6e1b8,Lóng,Orgen,6/11/1975,morgenmp@naver.com,882-167-5346
ae731032-431a-45fa-b568-d1f4e24e28e3,Maïté,Swaffield,12/8/1959,dswaffieldmq@virginia.edu,606-455-6336
51f044e0-b2f6-4686-aa0f-d75776f47acd,Mårten,Bullick,7/21/1938,tbullickmr@opera.com,489-122-7232
a394a856-5297-42f4-95ba-58d0d164fd64,Annotée,Pales,11/25/1980,npalesms@mail.ru,416-394-2962
d653a37b-ee2f-4d01-a601-3fc6b8db49e9,Médiamass,Barca,11/10/1990,mbarcamt@jiathis.com,670-937-2554
d09d767d-c766-44ec-af78-a183442bbbfc,Stéphanie,Brickham,10/8/1979,qbrickhammu@tinyurl.com,660-238-9328
4a5f522f-687f-4061-a8d9-d5a2fc2dbfff,Léa,Dickon,3/18/1942,hdickonmv@uol.com.br,528-216-7314
d46806e9-bed1-4b66-873e-db7aff5444c9,Mélina,Danielsohn,2/12/1986,pdanielsohnmw@shareasale.com,517-269-9175
ab8c4fd0-53a1-4485-83f6-19105f5ff767,Táng,Lumbers,1/3/1969,slumbersmx@pcworld.com,186-754-9930
a97fd8d5-1934-4853-93ff-df6da733e7e5,Pò,Grogona,12/17/1971,tgrogonamy@unicef.org,861-129-3098
91f7f596-e5dd-4357-9f25-538f496ff0eb,Gisèle,Sasser,2/10/1933,rsassermz@macromedia.com,701-809-7674
e200f108-d228-4ff2-bde2-56cb8a28b93f,Sélène,Franzelini,8/10/1997,nfranzelinin0@about.me,637-111-7346
c140c06d-5c69-4fe5-97dc-e432b3ae16e3,Gérald,Boldt,7/16/1938,eboldtn1@arstechnica.com,299-417-7662
4be48465-587e-4958-90be-310c408b39d9,Kù,Sibley,2/7/1983,dsibleyn2@soup.io,303-240-6195
465f3077-f599-470f-a719-e955999d6ff6,Gisèle,Suscens,9/2/1989,csuscensn3@sciencedaily.com,365-797-4334
4f194be9-114c-4eb9-a3c2-e296fddaef07,Zoé,Crofthwaite,4/27/1959,pcrofthwaiten4@huffingtonpost.com,279-704-4822
5a5da007-7b01-470f-9bfd-9a43785996aa,Naëlle,Rope,2/22/1929,aropen5@cnbc.com,485-622-3575
e24a8e4d-e245-4dd5-a04b-08c9d898081f,Marlène,Rowlands,4/8/1969,crowlandsn6@uiuc.edu,981-910-3244
349748d9-599b-409e-8fa0-48fc95b70de7,Rachèle,Prangley,12/31/1987,hprangleyn7@guardian.co.uk,523-242-0068
fdaafe58-bd1a-4042-bbc1-19388ee6694d,Marie-hélène,Devinn,2/11/1995,cdevinnn8@plala.or.jp,497-815-8835
dadfcdfc-6fc4-48be-b3a8-290ec4dece07,Gösta,Blain,3/28/1986,hblainn9@marriott.com,847-413-0899
43ac6b40-6f88-47a8-a8bd-fb1dd68e6c18,Marie-noël,Holywell,12/18/1922,iholywellna@soundcloud.com,342-969-0550
fac29249-2297-4685-98cd-00d3d804980d,Måns,McPake,2/24/1993,emcpakenb@nhs.uk,970-382-0803
b6838013-645b-4777-aff9-924e1dd97ddd,Maëlle,Strahan,1/20/1965,sstrahannc@twitpic.com,833-451-0837
c54f9fda-1108-47a9-aee9-6ac0da3be422,Médiamass,Beamson,11/24/1986,obeamsonnd@cbslocal.com,357-638-5744
a1712ee0-e771-4090-bff3-b94cf22b53b6,Dorothée,Sambells,4/18/1965,csambellsne@hugedomains.com,123-664-0241
ad1b4a6c-7088-4e3c-a069-a435820259d9,Régine,Renwick,2/10/1946,hrenwicknf@msn.com,290-156-2775
896a680d-9bc4-41ff-9407-f9b0f9a485a0,Erwéi,Bowmen,5/6/1993,fbowmenng@mac.com,926-307-9530
05f05784-bd8b-41bb-9ff6-52661d1b569a,Åsa,Korlat,5/6/1964,mkorlatnh@howstuffworks.com,764-598-8325
8be75e4f-ab9c-4e7a-9856-251606378758,Östen,Scholl,8/29/1981,mschollni@merriam-webster.com,551-996-8615
e1a39691-9c3c-4682-bf37-4addd43d8778,Lyséa,Carlo,4/2/1985,ccarlonj@cbc.ca,332-337-4058
05b59309-449f-4bd3-b21b-897716856b16,Zoé,Whebell,1/28/1940,fwhebellnk@liveinternet.ru,830-245-1662
2808f7ed-6883-4a32-babb-85859a8a2ca7,Mélia,Tappin,6/16/1929,mtappinnl@apple.com,461-710-7744
dde3898c-f565-426e-829b-e5adccd88118,Dà,Miettinen,3/20/1997,gmiettinennm@google.pl,954-668-7513
2f0b5920-9f80-4413-8398-d07ec93dbafb,Gérald,Mandrey,2/22/1955,cmandreynn@berkeley.edu,415-819-7874
9ee29312-617f-48d6-bb1f-593221f3971e,Faîtes,Suttill,10/25/1931,rsuttillno@harvard.edu,458-835-8854
518006d0-a5e0-4062-85be-815df2dbc13d,Dù,Bewsey,3/22/1967,kbewseynp@theglobeandmail.com,819-564-1538
aa83e65a-172f-45b1-960d-68ff74683ae2,Léandre,Furmston,5/31/2005,hfurmstonnq@home.pl,135-523-0501
f76511ca-afcd-4453-85c9-d699beaf316a,Nadège,Von Brook,7/8/1983,lvonbrooknr@about.com,657-637-9583
70d73554-0c8f-43ca-b427-ccf324a2e25b,Thérèse,Pirkis,10/23/1997,apirkisns@odnoklassniki.ru,626-575-7395
438ec619-bb40-434b-b806-c03bd9a27cde,Mélinda,Dannett,10/8/1923,wdannettnt@ocn.ne.jp,226-168-1895
1e1d9e52-1605-440f-88bc-442fd615e2d6,Wá,Basini-Gazzi,1/7/1931,jbasinigazzinu@ycombinator.com,848-476-7153
5bc2997d-e89d-4b24-a5bc-d42c002dd1da,Intéressant,Popping,7/12/1995,tpoppingnv@instagram.com,453-700-6066
135a477e-3b0f-4c42-add9-a56abdc85b27,Dafnée,Joselin,5/25/1957,ijoselinnw@tripod.com,601-146-2877
16ba4449-4837-477d-b950-429939024abc,Danièle,Blaik,11/14/1985,kblaiknx@wix.com,372-397-2315
ace1d9c0-982f-4da5-9e2c-aae54c7e44b3,Clémentine,Brown,11/22/1980,pbrownny@microsoft.com,131-700-9225
28493956-03f0-451a-8dd1-67657c6006ad,Nadège,McFetridge,12/10/1979,tmcfetridgenz@opera.com,669-511-4564
9acf0fd2-5483-484f-a810-5ea48a95414d,Valérie,Goodfield,4/8/1987,dgoodfieldo0@ihg.com,612-105-3659
3ae33063-8b1b-4bb1-827e-8ba9eb6fc73d,Pélagie,Beedie,6/25/1988,hbeedieo1@cbsnews.com,908-501-5267
ea82549d-76c4-4571-bc78-74ed9c4b61eb,Maëlys,Brickwood,4/17/1994,dbrickwoodo2@ehow.com,506-531-7577
6bb1ff17-db24-45d9-afa7-4586d50f7adb,Méng,Darley,9/8/1954,hdarleyo3@slashdot.org,431-971-6820
8c4e310f-fea0-46e4-93e0-704e183bfa88,Frédérique,Frigot,2/25/1952,mfrigoto4@dailymotion.com,258-660-5905
8f28cdaf-ea86-441e-80e4-0066446de04b,Magdalène,Shipston,1/22/1983,mshipstono5@apache.org,184-365-9802
6087cfba-ed6f-4185-91be-cbed9ba641b5,Mårten,Rice,1/17/1957,oriceo6@addtoany.com,664-335-3565
d27ee1c0-8d7e-4879-941b-597a8e77cedd,Lauréna,Mixer,10/16/1939,jmixero7@microsoft.com,581-308-5460
f34b1fec-5d99-45e7-a85c-a26a3c237411,Åslög,Mewes,9/25/1982,lmeweso8@intel.com,413-982-4285
c56b289c-598c-48f3-ba89-1bc81264d319,Andrée,Riddler,2/2/1990,ariddlero9@hugedomains.com,717-894-5133
070ab9c0-d3ff-455f-96cd-edcaaf44f56f,Michèle,Ide,8/18/1994,eideoa@bandcamp.com,491-846-2828
23150c23-0ea5-499a-b4ed-e9918fedc6ed,Valérie,MacDonnell,4/3/1988,lmacdonnellob@cocolog-nifty.com,588-671-9184
fea032b2-433f-4335-8058-5b6f6ebaf81e,Ráo,Dyball,9/14/1957,sdyballoc@scribd.com,155-368-7838
f83b2def-171f-4fbe-8087-872373629c3b,Kuí,Welband,3/20/1977,swelbandod@loc.gov,441-211-5327
96377253-602c-4da3-af5f-47adf8185fe4,Ophélie,Charleston,1/8/1981,lcharlestonoe@weather.com,580-393-6586
a80c2e66-c53f-4b1b-a47b-2ccfcb49b2c8,Kù,Casillis,7/23/1930,wcasillisof@psu.edu,565-727-1453
1f60874d-969f-4741-afd6-3dbeda24197d,Lài,Trattles,2/14/1940,ctrattlesog@nymag.com,180-253-2971
4f6af023-8e9a-4b06-ae80-184f60338a34,Cléopatre,Turnor,9/11/1926,jturnoroh@narod.ru,739-338-3325
7024185b-aaf9-4009-ac8d-821eb604ca45,Géraldine,Bohlens,4/22/1996,rbohlensoi@mozilla.com,799-511-6212
438cdda8-d01c-4d14-9d70-dee06adef979,Anaé,Surby,9/30/1974,rsurbyoj@shutterfly.com,910-347-2189
5798b777-48b9-4ed3-b899-927aad3e1886,Laïla,Hof,10/29/1970,mhofok@bloomberg.com,448-409-8603
293e8adf-a7b2-4772-a010-97fe43ddf1cf,Léonie,Shovelbottom,10/7/1975,wshovelbottomol@elpais.com,121-234-7863
73fd3544-efee-4e6c-9643-8a33c0548320,Frédérique,Gregon,8/13/1931,tgregonom@sakura.ne.jp,421-464-7681
6b38c56a-d222-4810-af5a-cffcd6be8627,Táng,Aldus,7/6/1950,dalduson@patch.com,104-630-3395
c9b6a279-f965-4f0c-b1d7-3db2583f6bd2,Bécassine,Curtiss,7/18/1999,scurtissoo@1688.com,758-921-9859
5cde1eea-d1e5-49bb-82d3-3e8c35de7bba,Tán,Clemenzi,5/13/1944,lclemenziop@fotki.com,266-173-5890
408e2397-a803-4e2a-b2a2-562cc71e795c,Régine,Blankman,9/26/1987,sblankmanoq@cnet.com,479-436-2778
037e23ea-3d92-4e1b-9aa1-780ee355a989,Yáo,Burridge,7/31/1930,lburridgeor@opera.com,891-946-2778
2fea211c-8029-405e-ba13-7625ebccd0ce,Léandre,Stickford,12/13/1951,astickfordos@princeton.edu,134-924-1521
77639d3c-cd5c-42b9-912c-54f0c286a43f,Marie-hélène,Norville,2/19/1980,dnorvilleot@unicef.org,759-260-8169
f0db0861-3d2f-4425-baae-c16d26ab5471,Valérie,Garza,2/15/1998,bgarzaou@wikispaces.com,297-616-3270
4b52977c-4963-4ac6-b256-f57d60e6fe87,Pål,McGairl,2/23/1997,emcgairlov@sina.com.cn,455-938-5762
a8559e9b-19dc-4f31-b241-654e57316d40,Anaïs,Daice,8/2/1978,adaiceow@themeforest.net,711-137-8206
8a370ac5-ea52-4e3c-9393-82c44459f8d0,Loïs,Peschke,7/17/1945,apeschkeox@myspace.com,573-605-7851
522b6f69-b97a-445d-92ff-541237b14108,Mylène,Dredge,9/27/1937,gdredgeoy@skyrock.com,937-578-1503
a35407bf-cd1a-4517-8cf6-86e09eb2181f,Illustrée,Gimson,6/26/1941,wgimsonoz@redcross.org,176-125-4449
c371ea41-3146-4ab3-86c1-13879b10bb74,Dù,Musla,6/29/1924,emuslap0@twitter.com,923-547-8641
66b7afe3-be9b-4172-a600-350ed702a9a0,Erwéi,Cawkwell,3/4/1941,hcawkwellp1@marketwatch.com,642-537-4470
3c242e05-0840-4e21-bf6f-f51ec62164a9,Gérald,Scourfield,3/12/1959,kscourfieldp2@time.com,837-170-9675
df450893-7946-4617-ab52-84a0f79f9f30,Pénélope,Ullock,1/19/1997,pullockp3@nymag.com,637-945-0434
7dbad8a3-4364-439c-8596-09c089827f23,Andrée,Benbough,10/17/2000,lbenboughp4@etsy.com,300-992-6453
887a3def-7e86-4e02-9fa6-e041743fb427,Uò,Antosik,12/10/1970,aantosikp5@globo.com,398-903-6310
3b56bd23-0ff2-4985-9d14-1515b0fa2771,Stéphanie,Glassford,2/1/1991,vglassfordp6@privacy.gov.au,580-810-4890
68535ed4-bda2-4a41-addf-e5af3ca23d9e,Mélanie,Carrabot,9/20/1983,scarrabotp7@statcounter.com,261-250-7389
26da7b4e-191b-42e2-83ac-6b21b211673f,Maëlann,Myring,8/13/1961,jmyringp8@github.com,121-453-3406
86838c43-98f2-48cf-9888-febd4663c71c,Angélique,Antonucci,2/1/1922,kantonuccip9@fastcompany.com,510-834-3613
a6c50a6d-417b-4a2b-bbac-4ef61e9c6158,Cléa,O'Sheeryne,5/28/1975,mosheerynepa@a8.net,874-763-0432
3c98201e-9f17-4a2b-b854-21976f08c6b3,Wá,Peery,12/29/1999,mpeerypb@ed.gov,878-670-4559
0db7c4d9-11e6-49e9-a451-5f0a9b08d2c5,Jú,Totton,12/3/2000,ftottonpc@edublogs.org,918-154-6776
a07ecdfa-e10c-4ffd-881c-7497e3522037,Pål,Mooreed,12/31/1967,vmooreedpd@vistaprint.com,852-109-8179
8b30106d-b495-4e5d-9369-1fa88e49ae49,Célia,Bwye,2/4/1931,vbwyepe@mediafire.com,190-148-3231
d840721f-250f-43c7-8b42-8e17295f2d13,Maïly,Scrymgeour,11/15/1933,ascrymgeourpf@smugmug.com,745-596-0731
c6dcfb3c-28cc-4081-b5a1-357b96a01ff5,Gérald,Carlile,8/9/1941,rcarlilepg@washington.edu,865-451-9566
50da2f00-4970-4cba-835c-010559553702,Salomé,Easterfield,12/6/2004,measterfieldph@list-manage.com,892-899-7187
38c89641-a514-46a4-92c4-47ece4dafb2b,Yóu,Maybey,11/26/1921,amaybeypi@accuweather.com,135-128-6188
1bc481a7-ea85-448e-85f3-609de3b7339a,Märta,Cowland,3/1/1956,ncowlandpj@amazon.com,215-350-0309
e9e7c869-6924-49b7-8a10-9bc9a0700f03,Faîtes,Stucke,11/17/1989,astuckepk@bloglines.com,838-533-4184
3e646ed3-dbd6-4ff7-a9b9-7be46ae0e14e,Audréanne,MacCard,3/5/2001,cmaccardpl@biglobe.ne.jp,290-815-8034
2167b9c4-829a-49e8-afd2-ae21b32a7bba,Marylène,Hart,10/9/1925,shartpm@cnbc.com,135-637-6666
0f2bbc63-754c-4add-8393-a774e3646ef9,Rachèle,Simmen,7/6/1992,zsimmenpn@sogou.com,572-518-7760
f0e11c46-9dd4-4d7e-b1d0-bfb2eccbdf62,Dorothée,Mellon,3/15/1943,lmellonpo@psu.edu,372-533-2189
46b3dd09-6851-4521-b417-8bb0ad0cf1ad,Dafnée,Tickner,10/10/1972,sticknerpp@google.pl,417-320-4471
7e36ea56-8c93-4f95-b179-a2face9293a0,Eliès,Nares,7/12/1971,rnarespq@edublogs.org,706-358-8975
77b6fc9a-7b9f-4dcb-961b-ccda418bb2df,Alizée,Sheldrick,10/7/1975,bsheldrickpr@ed.gov,463-951-8526
87a89444-3c20-48a3-b561-bb4a080a89c1,Léane,Lenox,12/7/1986,clenoxps@lycos.com,789-834-2755
e512b5c0-ef2f-42b4-86e2-87c98d62cccd,Sòng,Jermin,5/8/2001,zjerminpt@mtv.com,649-897-0412
c255e45f-da39-475a-843d-ee6fa0680c96,Jú,Duffree,7/4/1938,hduffreepu@barnesandnoble.com,183-561-7555
08522c02-b3ad-466a-8c1c-11ad30994704,Håkan,Hugnet,9/27/1975,ghugnetpv@wikimedia.org,264-813-3826
a45fa0c7-d2ff-4923-93dd-8d8a56c4a3c3,Nadège,Pointin,8/15/1969,rpointinpw@edublogs.org,930-661-3198
c8a7d4d1-e48b-4623-a435-bf1294259d78,Gérald,Kiendl,10/8/1987,mkiendlpx@ca.gov,897-943-8586
3cada01f-2b88-44ec-a2e1-2697256669d8,Yè,Fever,1/21/1985,tfeverpy@merriam-webster.com,156-814-1739
13d402cf-2f81-4d5f-b863-04a84bf77ada,Åsa,Pattenden,9/27/1922,cpattendenpz@goodreads.com,674-527-2838
2a215c99-d910-4471-a0f9-438df9d1f7dd,Mélina,Labbe,1/5/1986,rlabbeq0@pagesperso-orange.fr,645-387-2603
5e6c8441-a9e2-47cb-99b5-a5b4e4b97aab,Naéva,Jelk,12/25/1954,ljelkq1@scribd.com,373-320-3008
8a1d551e-3cc0-4e15-8e23-1b149928136f,Marlène,Gauson,2/18/1983,rgausonq2@bloglovin.com,128-921-6773
5d64b53b-9c5e-4b1b-9b22-3ace1c194b95,Gösta,Reason,10/6/1947,treasonq3@networkadvertising.org,557-764-1528
2d0a74f1-21f2-4e30-be96-fc2e9e955bbc,Dorothée,Hoyle,8/2/1939,dhoyleq4@sciencedirect.com,277-625-0020
2721affe-7826-40e9-af71-8ba81f3943dc,Andrée,Simononsky,1/20/1950,rsimononskyq5@businessweek.com,563-951-6899
31ccd42b-1b56-4b7a-9011-1ee45116b84e,Vénus,Lemerie,6/14/1988,vlemerieq6@amazon.co.uk,244-588-4747
4ad3208f-5c47-4ca1-a4f5-fc07453a90ad,Håkan,Ormerod,9/2/1942,aormerodq7@purevolume.com,558-818-0420
8c015c99-1055-4597-a0c2-d10b2eef15bf,Clémence,O'Dowgaine,8/2/1993,aodowgaineq8@mysql.com,956-912-7869
9258ce95-48f8-43c7-b4c0-d3f75caaa6f1,Alizée,Rushford,6/22/1923,drushfordq9@free.fr,581-909-4921
fbb17823-f3b4-4ea1-9924-e5eb1b09cc18,Véronique,Eastabrook,2/20/1976,deastabrookqa@upenn.edu,557-410-3382
b845415d-5786-45a3-be5b-5993f858ea19,Marie-thérèse,Jillis,8/14/1976,bjillisqb@unc.edu,137-106-3495
7b4c94a1-6a2b-4233-b45b-3ff47b1c2a9a,Zhì,Mayling,8/19/1962,lmaylingqc@guardian.co.uk,826-330-8754
750a74be-d0ae-4d77-892d-1bce07192724,Lèi,Gooderson,7/7/1921,jgoodersonqd@bizjournals.com,279-831-7537
d861f22d-65d8-4463-bbd0-d8d3ef18a68c,Mélanie,Statter,3/17/2000,mstatterqe@w3.org,477-544-1931
94222f85-9d93-4796-84b9-b2ab55646300,Börje,Cullon,4/6/1953,lcullonqf@imageshack.us,628-558-9340
7c7dd59f-8596-4034-aea2-f2f869b32e51,Bénédicte,Shoebrook,1/13/1974,gshoebrookqg@pagesperso-orange.fr,435-452-8212
c88895f8-a75f-4f23-aff7-0f949a5bd679,Yénora,Tansey,11/11/1921,ttanseyqh@dyndns.org,410-999-8571
0b31b679-236e-4085-8e5b-f46090738fbb,Pål,Esmonde,11/15/1925,cesmondeqi@tiny.cc,269-805-4124
795961e6-8f64-4dcf-8e47-9973f93910d0,Laurène,Stittle,6/3/1960,jstittleqj@tinypic.com,714-388-5005
1c787837-21f2-4863-ada2-da41c0cdc19e,Cécilia,Daymond,10/29/1965,vdaymondqk@webmd.com,754-184-0774
07776f55-5605-4791-895c-bce2e5b973f1,Lucrèce,Jeanon,5/6/1985,ojeanonql@homestead.com,630-969-6916
fcff859b-cc3a-4ebc-b6b9-29609b31b766,Yú,Road,10/16/1959,froadqm@fda.gov,785-837-1739
141a18f2-224b-4075-9d2d-d7e65f2e0a0e,Liè,Lynas,3/18/1956,slynasqn@desdev.cn,106-801-5303
829295f6-b710-4752-9197-82564c7d1718,Eléa,Curner,6/18/1923,icurnerqo@samsung.com,354-860-6449
05a1c8fd-3b25-466c-ae65-b9db9939ca86,Marie-noël,Aubert,1/19/2004,eaubertqp@ehow.com,258-936-0898
471a5615-df8e-4bb7-87f4-e2277072bc40,Bérénice,Pidgeley,9/17/1989,mpidgeleyqq@ask.com,204-992-4879
60fefb18-6e33-4360-8f81-a00a51c9e557,Fèi,Moon,6/24/1929,emoonqr@chron.com,116-432-1208
5ec175b2-a6f2-4dff-88c6-d273db9be6cc,Pål,Gigg,5/8/1992,agiggqs@ebay.com,120-279-5242
ec9eb769-95c7-4a2f-a5e4-0c7b75f066c9,Anaïs,Oram,9/30/1932,koramqt@oracle.com,584-536-0019
a6f0c1ef-c575-4285-8697-c0ce203370eb,Bécassine,Puffett,10/3/2005,dpuffettqu@e-recht24.de,217-809-3190
f463e62a-8104-46b7-9b62-e5b7ca2de0eb,Mahélie,MacSporran,5/23/1968,omacsporranqv@house.gov,650-897-2952
15d10832-0a0e-4f77-b4cc-6ecc4aaf3068,Almérinda,Sansam,10/31/1921,msansamqw@myspace.com,609-833-4642
e83df53c-9892-45b2-8cc0-979c8c0b33f9,Görel,Ricciardiello,10/27/1966,tricciardielloqx@miitbeian.gov.cn,518-867-9292
b6ace7a9-0ac7-4a75-8272-9c631d3a954d,Intéressant,Blasio,4/18/2002,tblasioqy@patch.com,854-727-0828
ae430012-c4ee-49f0-a797-dd22219df30a,Gwenaëlle,Yarham,3/24/1997,jyarhamqz@sciencedirect.com,693-466-5906
ce2b47e5-cb78-4773-94b0-5c7572702c3d,Françoise,McIlveen,6/29/1933,cmcilveenr0@blogs.com,496-439-3528
d623a0a8-9483-42b5-b1c0-3007108b6abc,Judicaël,Argente,4/15/1960,margenter1@unblog.fr,698-114-3145
0881e778-3314-42cc-b279-4c5ea8c24296,Léa,Burgis,12/15/1928,nburgisr2@phoca.cz,126-930-3723
07ee6765-4e04-4cee-9316-2c53e1e97fb1,Nadège,Salvadore,6/17/1939,xsalvadorer3@umn.edu,434-472-2160
1ac7a6a2-5c87-483a-8c99-be8eb57c4252,Cécilia,Struis,12/26/1974,hstruisr4@toplist.cz,600-897-1629
0a6a0973-5ebc-4111-9684-b89da8b3c002,Publicité,Ellery,8/30/1996,selleryr5@nasa.gov,334-235-1656
65b82c84-09f8-4673-a62d-3be00bcec44d,Thérèse,Tolchar,7/31/1970,rtolcharr6@gmpg.org,846-491-4218
49982626-24a5-491e-ae07-ad9457be3c8d,Anaé,Rattenbury,7/8/1948,crattenburyr7@marriott.com,939-319-5318
350c97d3-59b1-49ce-aa53-d26313d875e5,Vérane,Lampbrecht,3/21/1927,jlampbrechtr8@arizona.edu,891-147-8898
493f1687-c55f-4473-9710-56073bb7cb2a,Célestine,Sherwen,4/8/1931,fsherwenr9@oakley.com,652-450-5273
56daee55-62a1-4b63-adcf-aaa3180a4889,Méghane,Lissandrini,4/7/1981,zlissandrinira@miitbeian.gov.cn,271-618-4173
2bd34d7b-556f-4bf3-9c2f-bf6ff05981f6,Cléa,Farrington,8/18/1930,afarringtonrb@reddit.com,541-947-9014
17b49370-3bb9-4932-865c-997d9ec6c652,Mélys,Prestage,5/4/1985,eprestagerc@slashdot.org,905-810-7165
8adb5a98-d647-4963-bee1-28b15aa8b084,Marie-hélène,Seemmonds,2/7/1934,zseemmondsrd@ted.com,968-484-4055
57410f77-f4f9-4efa-ad99-2dcdb349825c,Sélène,Dunston,12/21/1979,mdunstonre@house.gov,139-773-6734
ee931869-a097-40f6-b99c-368d984ae3ed,Torbjörn,Andrault,1/18/1946,mandraultrf@netvibes.com,548-802-0465
8983f58e-c31f-4a77-a8f6-58e89fc9c2f2,Eloïse,Dunnet,12/28/1927,bdunnetrg@npr.org,200-569-5243
6555dc88-6b45-4bf3-9fb1-895743845efd,Eléa,Beeson,1/9/1964,mbeesonrh@constantcontact.com,693-912-2124
21970e3d-aa17-481c-9183-9fdd443ca2d4,Réjane,Vassano,5/11/1993,evassanori@mozilla.com,336-467-4135
893613b6-b097-4756-8eae-cff1fd1649a1,Lauréna,Beggio,4/19/1991,dbeggiorj@cornell.edu,804-795-7670
74cf8f84-afb9-4f8c-a04b-524df56a6e98,Göran,Michell,12/10/1933,lmichellrk@weebly.com,469-603-1757
747c2ea1-d3e1-485a-b634-c85ba301a5ad,Anaël,Hoovart,3/13/1966,mhoovartrl@google.fr,747-133-8913
3f0a7066-e495-44af-a6ed-bee3a6846335,Yú,Grimolbie,11/12/1963,tgrimolbierm@unicef.org,574-776-2563
bb85c1a6-f677-45cb-b8e3-8c206893598e,Estée,Rookeby,12/21/1941,erookebyrn@census.gov,936-398-2563
92849769-af29-4836-b16f-1a4b1983b95a,Mélanie,Danielovitch,12/2/1941,gdanielovitchro@pinterest.com,254-222-5741
c3f51673-1bc2-4a5f-9be3-2da40cbd6030,Célia,Duddell,9/15/1995,aduddellrp@apple.com,244-465-3805
856b3d91-51c5-41a2-a518-0c2276436004,Aurélie,Calderon,7/4/1996,fcalderonrq@latimes.com,921-268-1080
f6382540-fa56-4bb3-9f1e-efb694613222,Esbjörn,Cash,3/22/1954,ccashrr@odnoklassniki.ru,856-629-1464
